阿,阿,ā
阿姨,阿姨,āyí
哎,āi,ēi
哎,āi,
哎呀,哎呀,āiyā
挨,āi,ái
挨,āi,
爱好,愛好,àihào
爱护,愛護,àihù
爱情,愛情,àiqíng
安全,安全,ānquán
安慰,安慰,ānwèi
安心,安心,ānxīn
岸,岸,àn
按,按,àn
按时,按時,ànshí
按照,按照,ànzhào
暗,暗,àn
拔,拔,bá
白,白,bái
白菜,白菜,báicài
白天,白天,báitiān
败,敗,bài
班长,班長,bānzhǎng
板,板,bǎn
办公,辦公,bàngōng
办事,辦事,bànshì
半导体,半導體,bàndǎotǐ
半拉,半拉,bànlǎ
半夜,半夜,bànyè
帮,幫,bāng
帮忙,幫忙,bāngmáng
榜样,榜樣,bǎngyàng
傍晚,傍晚,bàngwǎn
包,包,bāo
包括,包括,bāokuò
包子,包子,bāozi
宝贵,寶貴,bǎoguì
保,保,bǎo
保持,保持,bǎochí
保存,保存,bǎocún
保护,保護,bǎohù
保留,保留,bǎoliú
保卫,保衛,bǎowèi
保证,保證,bǎozhèng
报到,報到,bàodào
报道,報道,bàodào
报告,報告,bàogào
报名,報名,bàomíng
报纸,報紙,bàozhǐ
抱歉,抱歉,bàoqiàn
悲痛,悲痛,bēitòng
碑,碑,bēi
北部,北部,běibù
北方,北方,běifāng
北面,北面,běimiàn
背,背,bèi
背后,背後,bèihòu
被子,被子,bèizi
本,本,běn
本来,本來,běnlái
本领,本領,běnlǐng
本事,本事,běnshi
本质,本質,běnzhì
笨,笨,bèn
逼,逼,bī
鼻子,鼻子,bízi
比例,比例,bǐlì
比如,比如,bǐrú
笔记,筆記,bǐjì
必然,必然,bìrán
必要,必要,bìyào
毕业,畢業,bìyè
闭,閉,bì
避,避,bì
避免,避免,bìmiǎn
边...边...,邊...邊...,biān... biān...
编,編,biān
扁,扁,biǎn
便,便,biàn
便条,便條,biàntiáo
遍,遍,biàn
标点,標點,biāodiǎn
标准,標準,biāozhǔn
表达,表達,biǎodá
表面,表面,biǎomiàn
表明,表明,biǎomíng
宾馆,賓館,bīnguǎn
冰,冰,bīng
兵,兵,bīng
饼干,餅乾,bǐnggān
并,並,bìng
并且,並且,bìngqiě
病房,病房,bìngfáng
病菌,病菌,bìngjūn
病人,病人,bìngrén
玻璃,玻璃,bōli
脖子,脖子,bózi
伯伯,伯伯,bóbo
伯父,伯父,bófù
伯母,伯母,bómǔ
薄,薄,báo
补,補,bǔ
补充,補充,bǔchōng
补课,補課,bǔkè
补习,補習,bǔxí
捕,捕,bǔ
不必,不必,bùbì
不大,不大,bùdà
不得不,不得不,bùdébù
不得了,不得了,bùdéliǎo
不断,不斷,bùduàn
不敢当,不敢當,bùgǎndāng
不管,不管,bùguǎn
不过,不過,bùguò
不好意思,不好意思,bùhǎoyìsi
不仅,不僅,bùjǐn
不论,不論,bùlùn
不平,不平,bùpíng
不然,不然,bùrán
不少,不少,bùshǎo
不是吗,不是嗎,bùshìma
不行,不行,bùxíng
不幸,不幸,bùxìng
不许,不許,bùxǔ
不要紧,不要緊,bùyàojǐn
不一定,不一定,bùyídìng
不住,不住,bùzhù
布置,佈置,bùzhì
步,步,bù
部,部,bù
部长,部長,bùzhǎng
部队,部隊,bùduì
部门,部門,bùmén
猜,猜,cāi
材料,材料,cáiliào
采,采,cǎi
采购,採購,cǎigòu
采取,採取,cǎiqǔ
采用,採用,cǎiyòng
彩色,彩色,cǎisè
踩,踩,cǎi
餐厅,餐廳,cāntīng
藏,藏,cáng
草地,草地,cǎodì
草原,草原,cǎoyuán
册,冊,cè
厕所,廁所,cèsuǒ
测验,測驗,cèyàn
曾,曾,céng
曾经,曾經,céngjīng
叉子,叉子,chāzi
插,插,chā
差,差,chà
差不多,差不多,chàbuduō
差点儿,差點兒,chàdiǎnr
拆,拆,chāi
产量,產量,chǎnliàng
产品,產品,chǎnpǐn
产生,產生,chǎnshēng
长期,長期,chángqī
长途,長途,chángtú
尝,嘗,cháng
抄,抄,chāo
抄写,抄寫,chāoxiě
超,超,chāo
超过,超過,chāoguò
吵,吵,chǎo
车间,車間,chējiān
彻底,徹底,chèdǐ
沉默,沉默,chénmò
闯,闖,chuǎng
衬衫,襯衫,chènshān
衬衣,襯衣,chènyī
称,稱,chēng
称赞,稱讚,chēngzàn
趁,趁,chèn
成长,成長,chéngzhǎng
成分,成分,chéngfèn
成功,成功,chénggōng
成果,成果,chéngguǒ
成就,成就,chéngjiù
成立,成立,chénglì
成熟,成熟,chéngshú
成为,成為,chéngwéi
承认,承認,chéngrèn
诚恳,誠懇,chéngkěn
诚实,誠實,chéngshí
乘,乘,chéng
程度,程度,chéngdù
吃惊,吃驚,chījīng
尺,尺,chǐ
翅膀,翅膀,chìbǎng
充分,充分,chōngfèn
充满,充滿,chōngmǎn
充足,充足,chōngzú
冲,沖,chōng
重,重,chóng
重叠,重疊,chóngdié
重复,重複,chóngfù
重新,重新,chóngxīn
虫子,蟲子,chóngzi
崇高,崇高,chónggāo
抽象,抽象,chōuxiàng
愁,愁,chóu
臭,臭,chòu
出版,出版,chūbǎn
出口,出口,chūkǒu
出生,出生,chūshēng
出席,出席,chūxí
出院,出院,chūyuàn
初,初,chū
初步,初步,chūbù
初级,初級,chūjí
除,除,chú
厨房,廚房,chúfáng
处,處,chǔ
处分,處分,chǔfèn
处理,處理,chǔlǐ
传,傳,chuán
传播,傳播,chuánbō
传统,傳統,chuántǒng
创,創,chuàng
创造,創造,chuàngzào
创作,創作,chuàngzuò
春节,春節,chūnjié
此,此,cǐ
此外,此外,cǐwài
刺,刺,cì
从不,從不,cóngbù
从此,從此,cóngcǐ
从而,從而,cóng'ér
从来,從來,cónglái
从事,從事,cóngshì
聪明,聰明,cōngming
粗,粗,cū
促进,促進,cùjìn
醋,醋,cù
催,催,cuī
存,存,cún
存在,存在,cúnzài
寸,寸,cùn
措施,措施,cuòshī
搭,搭,dā
达到,達到,dádào
答,答,dá
答案,答案,dá'àn
答卷,答卷,dájuàn
答应,答應,dāying
打扮,打扮,dǎban
打倒,打倒,dǎdǎo
打扰,打擾,dǎrǎo
打听,打聽,dǎting
打针,打針,dǎzhēn
大胆,大膽,dàdǎn
大多数,大多數,dàduōshù
大会,大會,dàhuì
大伙儿,大伙兒,dàhuǒr
大街,大街,dàjiē
大量,大量,dàliàng
大陆,大陸,dàlù
大米,大米,dàmǐ
大批,大批,dàpī
大人,大人,dàrén
大使馆,大使館,dàshǐguǎn
大小,大小,dàxiǎo
大型,大型,dàxíng
大衣,大衣,dàyī
大约,大約,dàyuē
呆,呆,dāi
代,代,dài
代替,代替,dàitì
待,待,dài
袋,袋,dài
单,單,dān
单词,單詞,dāncí
单调,單調,dāndiào
单位,單位,dānwèi
担任,擔任,dānrèn
担心,擔心,dānxīn
但,但,dàn
弹,彈,dàn
淡,淡,dàn
蛋,蛋,dàn
蛋糕,蛋糕,dàn'gāo
当,當,dàng
当...的时候,當...的時候,dāng...de shíhou
当地,當地,dāngdì
当年,當年,dāngnián
当前,當前,dāngqián
当时,當時,dāngshí
当做,當做,dàngzuò
挡,擋,dǎng
党,黨,dǎng
党员,黨員,dǎngyuán
刀子,刀子,dāozi
岛,島,dǎo
倒,倒,dào
倒是,倒是,dàoshi
到处,到處,dàochù
到达,到達,dàodá
到底,到底,dàodǐ
道,道,dào
道德,道德,dàodé
道路,道路,dàolù
道歉,道歉,dàoqiàn
德语,德語,Déyǔ
的确,的確,díquè
登,登,dēng
登记,登記,dēngjì
等,等,děng
等待,等待,děngdài
等于,等於,děngyú
低下,低下,dīxià
滴,滴,dī
敌人,敵人,dírén
地带,地帶,dìdài
地点,地點,dìdiǎn
地方,地方,dìfāng
地面,地面,dìmiàn
地球,地球,dìqiú
地区,地區,dìqū
地图,地圖,dìtú
地位,地位,dìwèi
地下,地下,dìxià
递,遞,dì
电报,電報,diànbào
电冰箱,電冰箱,diànbīngxiāng
电风扇,電風扇,diànfēngshàn
电视台,電視台,diànshìtái
电台,電臺,diàntái
电梯,電梯,diàntī
电影院,電影院,diànyǐngyuàn
店,店,diàn
吊,吊,diào
钓,釣,diào
调,調,diào
调查,調查,diàochá
跌,跌,diē
顶,頂,dǐng
订,訂,dìng
定,定,dìng
东北,東北,dōngběi
东部,東部,dōngbù
东方,東方,dōngfāng
东面,東面,dōngmiàn
东南,東南,dōngnán
懂得,懂得,dǒngde
动人,動人,dòngrén
动身,動身,dòngshēn
动手,動手,dòngshǒu
动物园,動物園,dòngwùyuán
动员,動員,dòngyuán
动作,動作,dòngzuò
冻,凍,dòng
洞,洞,dòng
斗争,鬥爭,dòuzhēng
豆腐,豆腐,dòufu
逗,逗,dòu
读书,讀書,dúshū
读者,讀者,dúzhě
独立,獨立,dúlì
堵,堵,dǔ
肚子,肚子,dùzi
度,度,dù
度过,度過,dùguò
渡,渡,dù
端,端,duān
短期,短期,duǎnqī
断,斷,duàn
堆,堆,duī
队,隊,duì
队长,隊長,duìzhǎng
队伍,隊伍,duìwǔ
对,對,duì
对比,對比,duìbǐ
对待,對待,duìdài
对方,對方,duìfāng
对付,對付,duìfu
对话,對話,duìhuà
对面,對面,duìmiàn
对象,對象,duìxiàng
对于,對於,duìyú
吨,噸,dūn
蹲,蹲,dūn
多数,多數,duōshù
夺,奪,duó
朵,朵,duǒ
躲,躲,duǒ
鹅,鵝,é
儿童,兒童,értóng
而,而,ér
耳朵,耳朵,ěrduo
发表,發表,fābiǎo
发出,發出,fāchū
发达,發達,fādá
发动,發動,fādòng
发抖,發抖,fādǒu
发挥,發揮,fāhuī
发明,發明,fāmíng
发言,發言,fāyán
发扬,發揚,fāyáng
法郎,法郎,fǎláng
法律,法律,fǎlǜ
凡,凡,fán
繁荣,繁榮,fánróng
反动,反動,fǎndòng
反抗,反抗,fǎnkàng
反应,反應,fǎnyìng
反映,反映,fǎnyìng
反正,反正,fǎnzhèng
犯,犯,fàn
范围,範圍,fànwéi
方,方,fāng
方案,方案,fāng'àn
方式,方式,fāngshì
方针,方針,fāngzhēn
防,防,fáng
防止,防止,fángzhǐ
房子,房子,fángzi
仿佛,彷彿,fǎngfú
纺织,紡織,fǎngzhī
放大,放大,fàngdà
放弃,放棄,fàngqì
放心,放心,fàngxīn
非...不可,非...不可,fēi...bùkě
肥,肥,féi
肺,肺,fèi
费,費,fèi
费用,費用,fèiyòng
分别,分別,fēnbié
分配,分配,fēnpèi
分析,分析,fēnxī
吩咐,吩咐,fēnfù
纷纷,紛紛,fēnfēn
粉笔,粉筆,fěnbǐ
份,份,fèn
奋斗,奮鬥,fèndòu
愤怒,憤怒,fènnù
风景,風景,fēngjǐng
风力,風力,fēnglì
风俗,風俗,fēngsú
封建,封建,fēngjiàn
逢,逢,féng
否定,否定,fǒudìng
否则,否則,fǒuzé
扶,扶,fú
服从,服從,fúcóng
浮,浮,fú
符合,符合,fúhé
幅,幅,fú
付,付,fù
妇女,婦女,fùnǚ
复印,複印,fùyìn
副,副,fù
副食,副食,fùshí
富,富,fù
该,該,gāi
改革,改革,gǎigé
改进,改進,gǎijìn
改善,改善,gǎishàn
改造,改造,gǎizào
改正,改正,gǎizhèng
盖,蓋,gài
概括,概括,gàikuò
概念,概念,gàiniàn
干,干,gān
干杯,乾杯,gānbēi
干脆,乾脆,gāncuì
干活儿,幹活兒,gànhuór
干吗,幹嗎,gànmá
干燥,乾燥,gānzào
杆,杆,gān
肝,肝,gān
赶,趕,gǎn
赶紧,趕緊,gǎnjǐn
赶快,趕快,gǎnkuài
感动,感動,gǎndòng
感激,感激,gǎnjī
感觉,感覺,gǎnjué
感情,感情,gǎnqíng
感想,感想,gǎnxiǎng
感兴趣,感興趣,gǎn xìngqù
刚刚,剛剛,gānggāng
钢,鋼,gāng
港,港,gǎng
高大,高大,gāodà
高度,高度,gāodù
高原,高原,gāoyuán
告,告,gào
告别,告別,gàobié
胳膊,胳膊,gēbo
割,割,gē
搁,擱,gē
革命,革命,gémìng
隔,隔,gé
隔壁,隔壁,gébì
个别,個別,gèbié
个人,個人,gèrén
个体,個體,gètǐ
个子,個子,gèzi
根本,根本,gēnběn
根据,根據,gēnjù
跟前,跟前,gēnqián
更加,更加,gèngjiā
工程,工程,gōngchéng
工程师,工程師,gōngchéngshī
工夫,工夫,gōngfu
工会,工會,gōnghuì
工具,工具,gōngjù
工艺品,工藝品,gōngyìpǐn
工资,工資,gōngzī
公费,公費,gōngfèi
公共,公共,gōnggòng
公开,公開,gōngkāi
公路,公路,gōnglù
公司,公司,gōngsī
公用电话,公用電話,gōngyòng diànhuà
公园,公園,gōngyuán
功夫,功夫,gōngfu
供,供,gōng
供给,供給,gōngjǐ
巩固,鞏固,gǒnggù
共,共,gòng
共产党,共產黨,gòngchǎndǎng
共同,共同,gòngtóng
贡献,貢獻,gòngxiàn
狗,狗,gǒu
构成,構成,gòuchéng
构造,構造,gòuzào
估计,估計,gūjì
姑姑,姑姑,gūgu
古,古,gǔ
古代,古代,gǔdài
古老,古老,gǔlǎo
骨头,骨頭,gǔtou
鼓,鼓,gǔ
鼓励,鼓勵,gǔlì
鼓舞,鼓舞,gǔwǔ
鼓掌,鼓掌,gǔzhǎng
故乡,故鄉,gùxiāng
故意,故意,gùyì
顾,顧,gù
顾客,顧客,gùkè
挂号,掛號,guàhào
拐,拐,guǎi
怪,怪,guài
关键,關鍵,guānjiàn
关于,關於,guānyú
关照,關照,guānzhào
观察,觀察,guānchá
观点,觀點,guāndiǎn
观众,觀眾,guānzhòng
官,官,guān
冠军,冠軍,guànjūn
管,管,guǎn
贯彻,貫徹,guànchè
罐头,罐頭,guàntou
光,光,guāng
光辉,光輝,guānghuī
光明,光明,guāngmíng
光荣,光榮,guāngróng
光线,光線,guāngxiàn
广场,廣場,guǎngchǎng
广大,廣大,guǎngdà
广泛,廣泛,guǎngfàn
广告,廣告,guǎnggào
广阔,廣闊,guǎngkuò
逛,逛,guàng
规定,規定,guīdìng
规律,規律,guīlǜ
规模,規模,guīmó
鬼,鬼,guǐ
跪,跪,guì
滚,滾,gǔn
锅,鍋,guō
国际,國際,guójì
国民党,國民黨,Guómíndǎng
国王,國王,guówáng
果然,果然,guǒrán
过程,過程,guòchéng
过年,過年,guònián
海关,海關,hǎiguān
海洋,海洋,hǎiyáng
害,害,hài
害处,害處,hàichu
害怕,害怕,hàipà
含,含,hán
寒冷,寒冷,hánlěng
汗,汗,hàn
航空,航空,hángkōng
毫不,毫不,háobù
毫无,毫無,háowú
好,好,hào
好好儿,好好兒,hǎohāor
好久,好久,hǎojiǔ
好容易,好容易,hǎoróngyì
好听,好聽,hǎotīng
好玩儿,好玩兒,hǎowánr
好些,好些,hǎoxiē
号码,號碼,hàomǎ
号召,號召,hàozhào
合,合,hé
合理,合理,hélǐ
合同,合同,hétong
合作,合作,hézuò
和平,和平,hépíng
盒,盒,hé
黑暗,黑暗,hēi'àn
嘿,嘿,hēi
恨,恨,hèn
哼,哼,hēng
红茶,紅茶,hóngchá
红旗,紅旗,hóngqí
猴子,猴子,hóuzi
后悔,後悔,hòuhuǐ
后来,後來,hòulái
后面,後面,hòumiàn
后年,後年,hòunián
后天,後天,hòutiān
厚,濃,hòu
呼,呼,hū
呼吸,呼吸,hūxī
胡乱,胡亂,húluàn
胡子,鬍子,húzi
壶,壺,hú
糊涂,糊塗,hútu
户,戶,hù
护士,護士,hùshi
护照,護照,hùzhào
花园,花園,huāyuán
滑,滑,huá
滑冰,滑冰,huábīng
化,化,huà
划,劃,huá
画报,畫報,huàbào
坏处,壞處,huàichu
欢送,歡送,huānsòng
环,環,huán
环境,環境,huánjìng
慌,慌,huāng
皇帝,皇帝,huángdì
黄瓜,黃瓜,huángguā
黄油,黃油,huángyóu
灰,灰,huī
恢复,恢復,huīfù
挥,揮,huī
回头,回頭,huítóu
回信,回信,huíxìn
回忆,回憶,huíyì
会场,會場,huìchǎng
会见,會見,huìjiàn
会客,會客,huìkè
会谈,會談,huìtán
会议,會議,huìyì
昏迷,昏迷,hūnmí
婚姻,婚姻,hūnyīn
混,混,hùn
活泼,活潑,huópo
活跃,活躍,huóyuè
火,火,huǒ
火柴,火柴,huǒchái
伙食,伙食,huǒshí
或,或,huò
货,貨,huò
获得,獲得,huòdé
机床,機床,jīchuáng
机关,機關,jīguān
机械,機械,jīxiè
积极,積極,jījí
积极性,積極性,jījíxìng
积累,積累,jīlěi
激动,激動,jīdòng
激烈,激烈,jīliè
及格,及格,jígé
及其,及其,jíqí
及时,及時,jíshí
级,級,jí
即,即,jí
极,極,jí
极其,極其,jíqí
急忙,急忙,jímáng
集,集,jí
集体,集體,jítǐ
集中,集中,jízhōng
几乎,幾乎,jīhū
计算,計算,jìsuàn
记得,記得,jìde
记录,記錄,jìlù
记忆,記憶,jìyì
记者,記者,jìzhě
纪律,紀律,jìlǜ
纪念,紀念,jìniàn
技术员,技術員,jìshùyuán
季节,季節,jìjié
既,既,jì
既...也...,既...也...,jì...yě...
既...又...,既...又...,jì...yòu...
既然,既然,jìrán
加工,加工,jiāgōng
加强,加強,jiāqiáng
加以,加以,jiāyǐ
夹,夾,jiā
家具,家具,jiājù
家乡,家鄉,jiāxiāng
价格,價格,jiàgé
价值,價值,jiàzhí
架,架,jià
假,假,jiǎ
假条,假條,jiàtiáo
尖,尖,jiān
尖锐,尖銳,jiānruì
坚定,堅定,jiāndìng
坚决,堅決,jiānjué
坚强,堅強,jiānqiáng
肩,肩,jiān
艰巨,艱巨,jiānjù
艰苦,艱苦,jiānkǔ
拣,揀,jiǎn
捡,撿,jiǎn
减,減,jiǎn
减轻,減輕,jiǎnqīng
减少,減少,jiǎnshǎo
剪,剪,jiǎn
建,建,jiàn
建立,建立,jiànlì
建议,建議,jiànyì
建筑,建築,jiànzhù
渐渐,漸漸,jiànjiàn
箭,箭,jiàn
将,將,jiāng
将要,將要,jiāngyào
讲话,講話,jiǎnghuà
讲座,講座,jiǎngzuò
奖,獎,jiǎng
奖学金,獎學金,jiǎngxuéjīn
降,降,jiàng
降低,降低,jiàngdī
酱油,醬油,jiàngyóu
交换,交換,jiāohuàn
交际,交際,jiāojì
交流,交流,jiāoliú
交通,交通,jiāotōng
郊区,郊區,jiāoqū
骄傲,驕傲,jiāo'ào
角,角,jiǎo
叫做,叫做,jiàozuò
较,較,jiào
教材,教材,jiàocái
教师,教師,jiàoshī
教授,教授,jiàoshòu
教学,教學,jiàoxué
教训,教訓,jiàoxun
教员,教員,jiàoyuán
阶段,階段,jiēduàn
阶级,階級,jiējí
接触,接觸,jiēchù
接待,接待,jiēdài
接到,接到,jiēdào
接见,接見,jiējiàn
接近,接近,jiējìn
接受,接受,jiēshòu
街道,街道,jiēdào
节省,節省,jiéshěng
节约,節約,jiéyuē
结构,結構,jiégòu
结合,結合,jiéhé
结婚,結婚,jiéhūn
结论,結論,jiélùn
结实,結實,jiēshi
解,解,jiě
解答,解答,jiědá
解放,解放,jiěfàng
解释,解釋,jiěshì
届,屆,jiè
今后,今後,jīnhòu
金,金,jīn
金属,金屬,jīnshǔ
仅,僅,jǐn
仅仅,僅僅,jǐnjǐn
尽,盡,jìn
尽管,儘管,jǐnguǎn
尽量,盡量,jìnliàng
劲,勁,jìn
近来,近來,jìnlái
进步,進步,jìnbù
进攻,進攻,jìngōng
进化,進化,jìnhuà
进口,進口,jìnkǒu
进入,進入,jìnrù
进修,進修,jìnxiū
进一步,進一步,jìnyībù
禁止,禁止,jìnzhǐ
京剧,京劇,Jīngjù
经,經,jīng
经理,經理,jīnglǐ
经历,經歷,jīnglì
精力,精力,jīnglì
井,井,jǐng
警察,警察,jǐngchá
竞赛,競賽,jìngsài
敬爱,敬愛,jìng'ài
敬礼,敬禮,jìnglǐ
静,靜,jìng
镜子,鏡子,jìngzi
纠正,糾正,jiūzhèng
究竟,究竟,jiūjìng
救,救,jiù
就,就,jiù
就是,就是,jiùshì
局长,局長,júzhǎng
举行,舉行,jǔxíng
巨大,巨大,jùdà
拒绝,拒絕,jùjué
具备,具備,jùbèi
具体,具體,jùtǐ
具有,具有,jùyǒu
俱乐部,俱樂部,jùlèbù
剧场,劇場,jùchǎng
据说,據說,jùshuō
距离,距離,jùlí
卷,卷,juǎn
决,決,jué
决心,決心,juéxīn
绝对,絕對,juéduì
觉悟,覺悟,juéwù
军,軍,jūn
军队,軍隊,jūnduì
军事,軍事,jūnshì
开辟,開闢,kāipì
开放,開放,kāifàng
开会,開會,kāihuì
开课,開課,kāikè
开明,開明,kāimíng
开演,開演,kāiyǎn
开展,開展,kāizhǎn
砍,砍,kǎn
看不起,看不起,kànbuqǐ
看法,看法,kànfǎ
看来,看來,kànlái
看样子,看樣子,kànyàngzi
扛,káng,gāng
扛,káng,
考,考,kǎo
考虑,考慮,kǎolǜ
烤,烤,kǎo
靠,靠,kào
科,科,kē
科长,科長,kēzhǎng
科学家,科學家,kēxuéjiā
科学院,科學院,kēxuéyuàn
科研,科研,kēyán
颗,顆,kē
可,kě,kè
可,kě,
可爱,可愛,kě'ài
可靠,可靠,kěkào
可怜,可憐,kělián
可怕,可怕,kěpà
可以,可以,kěyǐ
克服,克服,kèfú
刻,刻,kè
刻苦,刻苦,kèkǔ
客人,客人,kèrén
课程,課程,kèchéng
肯,肯,kěn
肯定,肯定,kěndìng
空,kōng,kòng
空,kōng,
空儿,空兒,kòngr
空间,空間,kōngjiān
空前,空前,kōngqián
空中,空中,kōngzhōng
孔,孔,kǒng
恐怕,恐怕,kǒngpà
控制,控制,kòngzhì
口袋,口袋,kǒudài
口号,口號,kǒuhào
扣,扣,kòu
裤子,褲子,kùzi
跨,跨,kuà
快乐,快樂,kuàilè
筷子,筷子,kuàizi
宽,寬,kuān
款,款,kuǎn
矿,礦,kuàng
捆,捆,kǔn
困,困,kùn
扩大,擴大,kuòdà
垃圾,垃圾,lājī
来,來,lái
来不及,來不及,láibují
来得及,來得及,láidejí
来信,來信,láixìn
来自,來自,láizì
拦,攔,lán
懒,懶,lǎn
烂,爛,làn
狼,狼,láng
朗读,朗讀,lǎngdú
浪,浪,làng
浪费,浪費,làngfèi
捞,撈,lāo
老百姓,老百姓,lǎobǎixìng
老板,老闆,lǎobǎn
老大妈,老大媽,lǎodàmā
老大娘,老大娘,lǎodàniáng
老大爷,老大爺,lǎodàyé
老虎,老虎,lǎohǔ
老人,老人,lǎorén
老实,老實,lǎoshi
老是,老是,lǎoshi
老太太,老太太,lǎotàitai
老头儿,老頭兒,lǎotóur
乐观,樂觀,lèguān
雷,雷,léi
类,類,lèi
厘米,釐米,límǐ
梨,梨,lí
离婚,離婚,líhūn
礼拜天,禮拜天,lǐbàitiān
礼貌,禮貌,lǐmào
礼堂,禮堂,lǐtáng
里面,裡面,lǐmiàn
理发,理髮,lǐfà
理解,理解,lǐjiě
理论,理論,lǐlùn
理想,理想,lǐxiǎng
理由,理由,lǐyóu
力,力,lì
力量,力量,lìliang
力气,力氣,lìqi
力所能及,力所能及,lìsuǒnéngjí
厉害,厲害,lìhai
立,立,lì
立场,立場,lìchǎng
立方,立方,lìfāng
立即,立即,lìjí
利益,利益,lìyì
例,例,lì
例子,例子,lìzi
粒,粒,lì
连,連,lián
连忙,連忙,liánmáng
连续,連續,liánxù
联合,聯合,liánhé
联欢,聯歡,liánhuān
练,練,liàn
恋爱,戀愛,liàn'ài
良好,良好,liánghǎo
凉,涼,liáng
粮食,糧食,liángshi
两,兩,liǎng
量,量,liáng
聊,聊,liáo
聊天,聊天,liáotiān
了不起,了不起,liǎobùqǐ
列,列,liè
邻居,鄰居,línjū
临,臨,lín
临时,臨時,línshí
灵活,靈活,línghuó
铃,鈴,líng
零钱,零錢,língqián
领,領,lǐng
领袖,領袖,lǐngxiù
另,另,lìng
另外,另外,lìngwài
流利,流利,liúlì
龙,龍,lóng
楼梯,樓梯,lóutī
漏,漏,lòu
露,露,lòu
陆续,陸續,lùxù
录,錄,lù
录像,錄像,lùxiàng
录音机,錄音機,lùyīnjī
路上,路上,lùshàng
路线,路線,lùxiàn
旅馆,旅館,lǚguǎn
旅客,旅客,lǚkè
旅途,旅途,lǚtú
略,略,lüè
轮船,輪船,lúnchuán
论文,論文,lùnwén
萝卜,蘿蔔,luóbo
落,落,luò
落后,落後,luòhòu
马虎,馬虎,mǎhu
马克,馬克,mǎkè
马路,馬路,mǎlù
码头,碼頭,mǎtou
骂,罵,mà
埋,埋,mái
买卖,買賣,mǎimài
迈,邁,mài
馒头,饅頭,mántou
满足,滿足,mǎnzú
猫,貓,māo
毛,毛,máo
毛病,毛病,máobìng
毛巾,毛巾,máojīn
矛盾,矛盾,máodùn
冒,冒,mào
贸易,貿易,màoyì
没错,沒錯,méicuò
没什么,沒什麼,méishénme
没事儿,沒事兒,méishìr
没用,沒用,méiyòng
煤,煤,méi
煤气,煤氣,méiqì
每,每,měi
美,美,měi
美好,美好,měihǎo
美丽,美麗,měilì
美术,美術,měishù
美元,美元,Měiyuán
梦,夢,mèng
米,米,mǐ
秘密,秘密,mìmì
密,密,mì
密切,密切,mìqiè
蜜蜂,蜜蜂,mìfēng
棉花,棉花,miánhua
棉衣,棉衣,miányī
面,面,miàn
面积,面積,miànji
面貌,面貌,miànmào
面前,面前,miànqián
描写,描寫,miáoxiě
秒,秒,miǎo
妙,妙,miào
庙,廟,miào
灭,滅,miè
民主,民主,mínzhǔ
名,名,míng
名胜,名勝,míngshèng
明亮,明亮,míngliàng
明确,明確,míngquè
明显,明顯,míngxiǎn
命令,命令,mìnglìng
命运,命運,mìngyùn
摸,摸,mō
模仿,模仿,mófǎng
模样,模樣,múyàng
磨,磨,mó
墨水儿,墨水兒,mòshuǐr
某,某,mǒu
母,母,mǔ
亩,畝,mǔ
木,木,mù
木头,木頭,mùtou
目标,目標,mùbiāo
目的,目的,mùdi
哪个,哪個,nǎge
哪怕,哪怕,nǎpà
哪些,nǎxiē,něixiē
哪些,nǎxiē,
内部,內部,nèibù
那边,那邊,nàbiān
奶奶,奶奶,nǎinai
耐心,耐心,nàixīn
耐用,耐用,nàiyòng
男人,男人,nánrén
南部,南部,nánbù
南方,南方,nánfāng
南面,南面,nánmiàn
难道,難道,nándào
难过,難過,nánguò
难看,難看,nánkàn
难受,難受,nánshòu
脑袋,腦袋,nǎodai
脑子,腦子,nǎozi
闹,鬧,nào
能干,能幹,nénggàn
能力,能力,nénglì
能源,能源,néngyuán
泥,ní,nì
泥,ní,
年代,年代,niándài
年龄,年齡,niánlíng
年青,年青,niánqīng
鸟,鳥,niǎo
扭,niǔ,niū
扭,niǔ,
浓,濃,nóng
弄,nòng,lòng
弄,nòng,
女人,女人,nǚrén
女士,女士,nǚshì
暖,暖,nuǎn
暖气,暖氣,nuǎnqì
怕,怕,pà
排,pái,pǎi
排,pái,
排,pái,pǎi
排,pái,
牌,牌,pái
盘,盤,pán
盘子,盤子,pánzi
判断,判斷,pànduàn
盼望,盼望,pànwàng
旁,páng,bàng
旁,páng,
胖,pàng,pán
胖,pàng,
炮,pào,páo
炮,pào,
陪,陪,péi
赔,賠,péi
配合,配合,pèihé
喷,噴,pēn
盆,盆,pén
捧,捧,pěng
碰见,碰見,pèngjiàn
批,批,pī
批判,批判,pīpàn
批准,批准,pīzhǔn
披,披,pī
皮,皮,pí
皮肤,皮膚,pífū
疲劳,疲勞,píláo
脾气,脾氣,píqi
匹,匹,pǐ
片面,片面,piànmiàn
偏,偏,piān
骗,騙,piàn
飘,飄,piāo
拼命,拼命,pīnmìng
品种,品種,pǐnzhǒng
乒乓球,乒乓球,pīngpāngqiú
平,平,píng
平安,平安,píngān
平常,平常,píngcháng
平等,平等,píngděng
平方,平方,píngfāng
平静,平靜,píngjìng
平均,平均,píngjūn
平时,平時,píngshí
平原,平原,píngyuán
瓶子,瓶子,píngzi
坡,坡,pō
迫切,迫切,pòqiè
破坏,破壞,pòhuài
扑,撲,pū
铺,鋪,pū
朴素,樸素,pǔsù
普遍,普遍,pǔbiàn
普通,普通,pǔtōng
妻子,妻子,qīzi
期,期,qī
期间,期間,qījiān
欺骗,欺騙,qīpiàn
齐,齊,qí
其次,其次,qícì
其他,其他,qítā
其它,其它,qítā
其余,其餘,qíyú
其中,其中,qízhōng
奇怪,奇怪,qíguài
旗子,旗子,qízi
企图,企圖,qǐtú
企业,企業,qǐyè
启发,啟發,qǐfā
气,氣,qì
气候,氣候,qìhòu
气温,氣溫,qìwēn
气象,氣象,qìxiàng
汽油,汽油,qìyóu
千万,千萬,qiānwàn
牵,牽,qiān
签订,簽訂,qiāndìng
前进,前進,qiánjìn
前面,前面,qiánmian
前年,前年,qiánnián
前天,前天,qiántiān
前途,前途,qiántú
欠,欠,qiàn
枪,槍,qiāng
强,強,qiáng
强大,強大,qiángdà
强盗,強盜,qiángdào
强调,強調,qiángdiào
强度,強度,qiángdù
强烈,強烈,qiángliè
抢,搶,qiǎng
悄悄,悄悄,qiāoqiāo
敲,敲,qiāo
桥梁,橋樑,qiáoliáng
瞧,瞧,qiáo
巧,巧,qiǎo
巧妙,巧妙,qiǎomiào
切,切,qiē
且,且,qiě
亲爱,親愛,qīn'ài
亲戚,親戚,qīnqi
亲切,親切,qīnqiè
亲自,親自,qīnzì
侵略,侵略,qīnlüè
青,青,qīng
轻松,輕鬆,qīngsōng
清,清,qīng
情景,情景,qíngjǐng
情形,情形,qíngxing
情绪,情緒,qíngxù
请客,請客,qǐngkè
请求,請求,qǐngqiú
庆祝,慶祝,qìngzhù
穷,窮,qióng
求,求,qiú
球场,球場,qiúchǎng
区,區,qū
区别,區別,qūbié
渠,渠,qú
取,取,qǔ
取消,取消,qǔxiāo
圈,圈,quān
全面,全面,quánmiàn
劝,勸,quàn
缺,缺,quē
缺点,缺點,quēdiǎn
缺乏,缺乏,quēfá
缺少,缺少,quēshǎo
却,卻,què
确定,確定,quèdìng
裙子,裙子,qúnzi
群,群,qún
群众,群眾,qúnzhòng
然而,然而,ránér
燃烧,燃燒,ránshāo
染,染,rǎn
嚷,rǎng,rāng
嚷,rǎng,
绕,繞,rào
惹,惹,rě
热爱,熱愛,rèài
热烈,熱烈,rèliè
热闹,熱鬧,rènao
热水瓶,熱水瓶,rèshuǐpíng
热心,熱心,rèxīn
人才,人才,réncái
人工,人工,réngōng
人家,人家,rénjiā
人口,人口,rénkǒu
人类,人類,rénlèi
人民币,人民幣,rénmínbì
人物,人物,rénwù
人员,人員,rényuán
人造,人造,rénzào
忍,忍,rěn
认,認,rèn
认得,認得,rènde
任务,任務,rènwu
扔,扔,rēng
仍,仍,réng
仍然,仍然,réngrán
日常,日常,rìcháng
日程,日程,rìchéng
日记,日記,rìjì
日期,日期,rìqī
日用品,日用品,rìyòngpǐn
日元,日元,rìyuán
如,如,rú
如,如,rú
如果,如果,rúguǒ
如何,如何,rúhé
如今,如今,rújīn
入,入,rù
软,軟,ruǎn
弱,弱,ruò
撒,撒,sā
洒,洒,sǎ
赛,賽,sài
伞,傘,sǎn
嗓子,嗓子,sǎngzi
扫,掃,sǎo
嫂子,嫂子,sǎozi
色,色,sè
森林,森林,sēnlín
杀,殺,shā
沙发,沙發,shāfā
沙漠,沙漠,shāmò
沙子,沙子,shāzi
傻,傻,shǎ
晒,晒,shài
山脉,山脈,shānmài
山区,山區,shānqū
闪,閃,shǎn
善于,善於,shànyú
伤,傷,shāng
伤心,傷心,shāngxīn
商场,商場,shāngchǎng
商量,商量,shāngliang
商品,商品,shāngpǐn
商业,商業,shāngyè
上班,上班,shàngbān
上当,上當,shàngdàng
上级,上級,shàngjí
上面,上面,shàngmian
上衣,上衣,shàngyī
烧,燒,shāo
稍,稍,shāo
稍微,稍微,shāowēi
勺子,勺子,sháozi
少年,少年,shàonián
少数,少數,shǎoshù
舌头,舌頭,shétou
蛇,蛇,shé
设备,設備,shèbèi
设计,設計,shèjì
射,射,shè
伸,伸,shēn
身,身,shēn
身边,身邊,shēnbiān
深厚,深厚,shēnhòu
深刻,深刻,shēnkè
深入,深入,shēnrù
神,神,shén
神经,神經,shénjīng
升,升,shēng
生,生,shēng
生长,生長,shēngzhǎng
生动,生動,shēngdòng
生命,生命,shēngmìng
生气,生氣,shēngqì
生物,生物,shēngwù
生意,生意,shēngyì
胜,勝,shèng
绳子,繩子,shéngzi
省,省,shěng
失败,失敗,shībài
失去,失去,shīqù
失望,失望,shīwàng
失业,失業,shīyè
诗,詩,shī
施工,施工,shīgōng
狮子,獅子,shīzi
湿,濕,shī
什么的,什麼的,shénmede
石头,石頭,shítou
石油,石油,shíyóu
时代,時代,shídài
时刻,時刻,shíkè
时期,時期,shíqī
实际,實際,shíjì
实事求是,實事求是,shíshìqiúshì
实行,實行,shíxíng
实用,實用,shíyòng
实在,實在,shízài
拾,拾,shí
食品,食品,shípǐn
食物,食物,shíwù
使用,使用,shǐyòng
使用,使用,shǐyòng
始终,始終,shǐzhōng
世纪,世紀,shìjì
市场,市場,shìchǎng
事件,事件,shìjiàn
事实,事實,shìshí
事物,事物,shìwù
事先,事先,shìxiān
事业,事業,shìyè
试卷,試卷,shìjuàn
试验,試驗,shìyàn
室,室,shì
适当,適當,shìdàng
适合,適合,shìhé
适应,適應,shìyìng
收获,收穫,shōuhuò
收入,收入,shōurù
收音机,收音機,shōuyīnjī
手段,手段,shǒuduàn
手工,手工,shǒugōng
手帕,手帕,shǒupà
手术,手術,shǒushù
手套,手套,shǒutào
手续,手續,shǒuxù
手指,手指,shǒuzhǐ
首,首,shǒu
首先,首先,shǒuxiān
受,受,shòu
瘦,瘦,shòu
书包,書包,shūbāo
书店,書店,shūdiàn
书记,書記,shūji
书架,書架,shūjià
叔叔,叔叔,shūshu
舒适,舒適,shūshì
蔬菜,蔬菜,shūcài
熟练,熟練,shúliàn
熟悉,熟悉,shúxī
暑假,暑假,shǔjià
属于,屬於,shǔyú
树林,樹林,shùlín
数,數,shù
率领,率領,shuàilǐng
数量,數量,shùliàng
数字,數字,shùzì
刷,刷,shuā
摔,摔,shuāi
甩,甩,shuǎi
双方,雙方,shuāngfāng
水稻,水稻,shuǐdào
水泥,水泥,shuǐní
顺,順,shùn
顺便,順便,shùnbiàn
顺利,順利,shùnlì
丝,絲,sī
司机,司機,sījī
私,私,sī
私人,私人,sīrén
撕,撕,sī
似乎,似乎,sìhū
松,松,sōng
送行,送行,sòngxíng
速度,速度,sùdù
塑料,塑料,sùliào
算了,算了,suànle
随,隨,suí
随便,隨便,suíbiàn
随时,隨時,suíshí
碎,碎,suì
损失,損失,sǔnshī
缩,縮,suō
所,所,suǒ
所谓,所謂,suǒwèi
塔,塔,tǎ
台,台,tái
太太,太太,tàitai
谈话,談話,tánhuà
谈判,談判,tánpàn
毯子,毯子,tǎnzi
探,探,tàn
烫,燙,tàng
趟,趟,tàng
掏,掏,tāo
逃,逃,táo
讨厌,討厭,tǎoyàn
套,套,tào
特此,特此,tècǐ
特点,特點,tèdiǎn
特殊,特殊,tèshū
提倡,提倡,tíchàng
提供,提供,tígōng
提前,提前,tíqián
题,題,tí
题目,題目,tímù
体会,體會,tǐhuì
体积,體積,tǐjī
体系,體系,tǐxì
体育场,體育場,tǐyùchǎng
体育馆,體育館,tǐyùguǎn
替,替,tì
天真,天真,tiānzhēn
添,添,tiān
田,田,tián
田野,田野,tiányě
甜,甜,tián
填,填,tián
挑,挑,tiāo
调整,調整,tiáozhěng
条约,條約,tiáoyuē
贴,貼,tiē
铁,鐵,tiě
铁路,鐵路,tiělù
听讲,聽講,tīngjiǎng
停止,停止,tíngzhǐ
通讯,通訊,tōngxùn
同,同,tóng
同情,同情,tóngqíng
同屋,同屋,tóngwū
同样,同樣,tóngyàng
铜,銅,tóng
统一,統一,tǒngyī
统治,統治,tǒngzhì
桶,桶,tǒng
痛,痛,tòng
痛苦,痛苦,tòngkǔ
偷,偷,tōu
偷偷,偷偷,tōutōu
头,頭,tóu
头发,頭髮,tóufa
投,投,tóu
投入,投入,tóurù
透,透,tòu
突出,突出,tūchū
突击,突擊,tūjī
图,圖,tú
涂,涂,tú
土,土,tǔ
土地,土地,tǔdì
土豆,土豆,tǔdòu
吐,吐,tǔ
兔子,兔子,tùzi
团,團,tuán
推动,推动,tuīdòng
推广,推广,tuīguǎng
托,托,tuō
拖,拖,tuō
脱离,脫離,tuōlí
哇,wa,wā
哇,wa,
挖,挖,wā
歪,歪,wāi
外地,外地,wàidì
外交,外交,wàijiāo
外面,外面,wàimian
弯,彎,wān
完整,完整,wánzhěng
网球,網球,wǎngqiú
往往,往往,wǎngwǎng
忘记,忘記,wàngjì
望,望,wàng
危害,危害,wēihài
危机,危機,wēijī
微笑,微笑,wēixiào
围,圍,wéi
围绕,圍繞,wéirào
违反,違反,wéifǎn
维护,維護,wéihù
尾巴,wěiba,yǐba
尾巴,wěiba,
委员,委員,wěiyuán
卫生,衛生,wèishēng
卫星,衛星,wèixīng
未,未,wèi
未来,未來,wèilái
位置,位置,wèizhi
味道,味道,wèidao
胃,胃,wèi
喂,喂,wèi
温度,溫度,wēndù
温暖,溫暖,wēnnuǎn
文件,文件,wénjiàn
文明,文明,wénmíng
文物,文物,wénwù
文字,文字,wénzì
闻,聞,wén
稳,穩,wěn
稳定,穩定,wěndìng
问候,問候,wènhòu
握,握,wò
污染,污染,wūrǎn
屋,屋,wū
无,無,wú
无论,無論,wúlùn
无数,無數,wúshù
无限,無限,wúxiàn
武器,武器,wǔqì
武术,武術,wǔshù
物价,物價,wùjià
物质,物質,wùzhì
误会,誤會,wùhuì
雾,霧,wù
西北,西北,xīběi
西部,西部,xībù
西餐,西餐,xīcān
西方,西方,xīfāng
西瓜,西瓜,xīguā
西红柿,西紅柿,xīhóngshì
西面,西面,xīmiàn
西南,西南,xīnán
吸,吸,xī
吸收,吸收,xīshōu
吸烟,吸煙,xīyān
吸引,吸引,xīyǐn
牺牲,犧牲,xīshēng
洗衣机,洗衣機,xǐyījī
戏,戲,xì
系统,系統,xìtǒng
细菌,細菌,xìjūn
细心,細心,xìxīn
下班,下班,xiàbān
下面,下面,xiàmian
吓,嚇,xià
先后,先後,xiānhòu
先进,先進,xiānjìn
纤维,纖維,xiānwéi
掀,掀,xiān
鲜,鮮,xiān
鲜花,鮮花,xiānhuā
闲,閑,xián
显得,顯得,xiǎnde
显然,顯然,xiǎnrán
显著,顯著,xiǎnzhù
县,縣,xiàn
现代化,現代化,xiàndàihuà
现实,現實,xiànshí
现象,現象,xiànxiàng
线,線,xiàn
限制,限制,xiànzhì
羡慕,羡慕,xiànmù
献,獻,xiàn
乡,鄉,xiāng
乡下,鄉下,xiāngxia
相,相,xiāng
相当,相當,xiāngdāng
相反,相反,xiāngfǎn
相互,相互,xiānghù
相似,相似,xiāngsì
相同,相同,xiāngtóng
香肠,香腸,xiāngcháng
香皂,香皂,xiāngzào
箱子,箱子,xiāngzi
详细,詳細,xiángxì
享受,享受,xiǎngshòu
响应,響應,xiǎngyìng
想法,想法,xiǎngfǎ
想念,想念,xiǎngniàn
想象,想像,xiǎngxiàng
项,項,xiàng
项目,項目,xiàngmù
象,象,xiàng
消费,消費,xiāofèi
消化,消化,xiāohuà
消灭,消滅,xiāomiè
消失,消失,xiāoshī
小伙子,小伙子,xiǎohuǒzi
小麦,小麥,xiǎomài
小朋友,小朋友,xiǎopéngyou
小说,小說,xiǎoshuō
小心,小心,xiǎoxīn
小学,小學,xiǎoxué
晓得,曉得,xiǎodé
效果,效果,xiàoguǒ
效率,效率,xiàolǜ
校长,校長,xiàozhǎng
笑话,笑話,xiàohua
歇,歇,xiē
斜,斜,xié
心得,心得,xīndé
心情,心情,xīnqíng
心脏,心臟,xīnzàng
新鲜,新鮮,xīnxiān
信,信,xìn
信心,信心,xìnxīn
兴奋,興奮,xīngfèn
兴趣,興趣,xìngqù
星星,星星,xīngxing
行,行,xíng
行动,行動,xíngdòng
行李,行李,xíngli
形成,形成,xíngchéng
形容,形容,xíngróng
形式,形式,xíngshì
形势,形勢,xíngshì
形象,形象,xíngxiàng
形状,形狀,xíngzhuàng
醒,醒,xǐng
姓名,姓名,xìngmíng
性,性,xìng
性格,性格,xìnggé
性质,性質,xìngzhì
兄弟,兄弟,xiōngdi
胸,胸,xiōng
雄,雄,xióng
雄伟,雄偉,xióngwěi
熊猫,熊貓,xióngmāo
修,修,xiū
修改,修改,xiūgǎi
修理,修理,xiūlǐ
虚心,虛心,xūxīn
许,許,xǔ
宣布,宣布,xuānbù
宣传,宣傳,xuānchuán
选,選,xuǎn
选举,選舉,xuǎnjǔ
选择,選擇,xuǎnzé
学,學,xué
学费,學費,xuéfèi
学期,學期,xuéqī
学术,學術,xuéshù
学问,學問,xuéwen
血,血,xiě
血液,血液,xuèyè
寻找,尋找,xúnzhǎo
训练,訓練,xùnliàn
迅速,迅速,xùnsù
压,壓,yā
压迫,壓迫,yāpò
牙,牙,yá
牙刷,牙刷,yáshuā
咽,咽,yàn
延长,延長,yáncháng
严格,嚴格,yángé
严肃,嚴肅,yánsù
严重,嚴重,yánzhòng
沿,沿,yán
研究所,研究所,yánjiūsuǒ
盐,鹽,yán
眼,眼,yǎn
眼镜,眼鏡,yǎnjìng
眼泪,眼淚,yǎnlèi
眼前,眼前,yǎnqián
演,演,yǎn
演员,演員,yǎnyuán
阳光,陽光,yángguāng
养,養,yǎng
样,樣,yàng
腰,腰,yāo
邀请,邀請,yāoqǐng
摇,搖,yáo
咬,咬,yǎo
要紧,要緊,yàojǐn
爷爷,爺爺,yéye
业务,業務,yèwù
业余,業餘,yèyú
叶子,葉子,yèzi
夜里,夜裡,yèli
夜晚,夜晚,yèwǎn
一,一,yī
一...也...,一...也...,yī...yě...
一半,一半,yībàn
一边,一邊,yībiān
一道,一道,yīdào
一方...一方面...,一方...一方面...,yīfāng...yīfāngmiàn...
一齐,一齊,yīqí
一生,一生,yīshēng
一时,一時,yīshí
一同,一同,yītóng
一下子,一下子,yīxiàzi
一致,一致,yīzhì
医务室,醫務室,yīwùshì
医学,醫學,yīxué
依靠,依靠,yīkào
仪器,儀器,yíqì
移,移,yí
移动,移動,yídòng
疑问,疑問,yíwèn
已,已,yǐ
以,以,yǐ
以及,以及,yǐjí
以来,以來,yǐlái
以内,以內,yǐnèi
以上,以上,yǐshàng
以外,以外,yǐwài
以下,以下,yǐxià
议论,議論,yìlùn
异常,異常,yìcháng
意外,意外,yìwài
意志,意志,yìzhì
因此,因此,yīncǐ
因而,因而,yīn'ér
因素,因素,yīnsù
银,銀,yín
引起,引起,yǐnqǐ
印,印,yìn
印刷,印刷,yìnshuā
印象,印象,yìnxiàng
应,應,yīng
应当,應當,yīngdāng
应用,應用,yìngyòng
英雄,英雄,yīngxióng
英勇,英勇,yīngyǒng
迎接,迎接,yíngjiē
营养,營養,yíngyǎng
营业,營業,yíngyè
影子,影子,yǐngzi
硬,硬,yìng
拥抱,擁抱,yōngbào
拥护,擁護,yōnghù
勇敢,勇敢,yǒnggǎn
勇气,勇氣,yǒngqì
用不着,用不著,yòngbuzháo
用处,用處,yòngchu
用功,用功,yònggōng
用力,用力,yònglì
优点,優點,yōudiǎn
优良,優良,yōuliáng
优美,優美,yōuměi
优秀,優秀,yōuxiù
悠久,悠久,yōujiǔ
由,由,yóu
由于,由於,yóuyú
油,油,yóu
游览,遊覽,yóulǎn
游泳池,游泳池,yóuyǒngchí
有的是,有的是,yǒudeshì
有点儿,有點兒,yǒudiǎnr
有关,有關,yǒuguān
有力,有力,yǒulì
有利,有利,yǒulì
有趣,有趣,yǒuqù
有时,有時,yǒushí
有效,有效,yǒuxiào
有用,有用,yǒuyòng
右边,右邊,yòubian
于,於,yú
于是,於是,yúshì
与,與,yǔ
羽毛球,羽毛球,yǔmáoqiú
雨衣,雨衣,yǔyī
语调,語調,yǔdiào
语气,語氣,yǔqì
语音,語音,yǔyīn
玉米,玉米,yùmǐ
预备,預備,yùbèi
遇,遇,yù
遇见,遇見,yùjiàn
员,員,yuán
原料,原料,yuánliào
原因,原因,yuányīn
原则,原則,yuánzé
圆光,圓光,yuánguāng
圆珠笔,圓珠筆,yuánzhūbǐ
院,院,yuàn
院长,院長,yuànzhǎng
院子,院子,yuànzi
愿望,願望,yuànwàng
约,約,yuē
约会,約會,yuēhuì
阅读,閱讀,yuèdú
阅览室,閱覽室,yuèlǎnshì
越...越...,越...越...,yuè...yuè...
允许,允許,yǔnxǔ
运,運,yùn
运动会,運動會,yùndònghuì
运动员,運動員,yùndòngyuán
运输,運輸,yùnshū
运用,運用,yùnyòng
杂技,雜技,zájì
灾,災,zāi
灾害,災害,zāihài
暂时,暫時,zànshí
赞成,贊成,zànchéng
遭到,遭到,zāodào
遭受,遭受,zāoshòu
糟糕,糟糕,zāogāo
造,造,zào
造句,造句,zàojù
则,則,zé
责任,責任,zérèn
曾,曾,zēng
增长,增長,zēngzhǎng
咋,咋,zǎ
扎,扎,zhā
摘,摘,zhāi
窄,窄,zhǎi
粘,粘,zhān
展出,展出,zhǎnchū
展开,展開,zhǎnkāi
展览会,展覽會,zhǎnlǎnhuì
战斗,戰鬥,zhàndòu
战胜,戰勝,zhànshèng
战士,戰士,zhànshì
战争,戰爭,zhànzhēng
章,章,zhāng
涨,漲,zhǎng
丈,丈,zhàng
丈夫,丈夫,zhàngfu
招待,招待,zhāodài
招待会,招待會,zhāodàihuì
招呼,招呼,zhāohu
着,著,zháo
召开,召開,zhàokāi
照,照,zhào
照常,照常,zhàocháng
照片,照片,zhàopiàn
折,折,zhé
哲学,哲學,zhéxué
这边,這邊,zhèbiān
针,針,zhēn
针对,針對,zhēnduì
真理,真理,zhēnlǐ
真实,真實,zhēnshí
阵,陣,zhèn
争,爭,zhēng
争论,爭論,zhēnglùn
争取,爭取,zhēngqǔ
征求,徵求,zhēngqiú
睁,睜,zhēng
整个,整個,zhěnggè
整理,整理,zhěnglǐ
正,正,zhèng
正常,正常,zhèngcháng
正好,正好,zhènghǎo
正式,正式,zhèngshì
证明,證明,zhèngmíng
政策,政策,zhèngcè
之后,之後,zhīhòu
之前,之前,zhīqián
之上,之上,zhīshàng
之下,之下,zhīxià
之一,之一,zhīyī
之中,之中,zhīzhōng
支持,支援,zhīchí
支援,支援,zhīyuán
织,織,zhī
执行,執行,zhíxíng
直,直,zhí
直到,直到,zhídào
直接,直接,zhíjiē
值得,值得,zhíde
职工,職工,zhígōng
职业,職業,zhíyè
植物,植物,zhíwù
止,止,zhǐ
只是,只是,zhǐshì
只要,只要,zhǐyào
只有,只有,zhǐyǒu
指出,指出,zhǐchū
指导,指導,zhǐdǎo
指挥,指揮,zhǐhuī
指示,指示,zhǐshì
至,至,zhì
至今,至今,zhìjīn
至少,至少,zhìshǎo
制订,制訂,zhìdìng
制定,制定,zhìdìng
制度,制度,zhìdù
制造,製造,zhìzào
治,治,zhì
质量,質量,zhìliàng
秩序,秩序,zhìxù
中餐,中餐,Zhōngcān
中心,中心,zhōngxīn
中央,中央,zhōngyāng
中药,中藥,zhōngyào
终于,終於,zhōngyú
种,種,zhòng
种子,種子,zhǒngzi
重,重,zhòng
重大,重大,zhòngdà
重点,重點,zhòngdiǎn
重量,重量,zhòngliàng
重视,重視,zhòngshì
周到,周到,zhōudao
株,株,zhū
竹子,竹子,zhúzi
逐步,逐步,zhúbù
逐渐,逐漸,zhújiàn
主动,主動,zhǔdòng
主观,主觀,zhǔguān
主人,主人,zhǔrén
主任,主任,zhǔrèn
主席,主席,zhǔxí
主张,主張,zhǔzhāng
煮,煮,zhǔ
住院,住院,zhùyuàn
祝贺,祝賀,zhùhè
著名,著名,zhùmíng
著作,著作,zhùzuò
抓,抓,zhuā
抓紧,抓緊,zhuājǐn
专家,專家,zhuānjiā
专门,專門,zhuānmén
专心,專心,zhuānxīn
专业,專業,zhuānyè
转,轉,zhuǎn
转变,轉變,zhuǎnbiàn
转告,轉告,zhuǎngào
庄稼,莊稼,zhuānjiā
庄严,莊嚴,zhuāngyán
状况,狀況,zhuàngkuàng
状态,狀態,zhuàngtài
撞,撞,zhuàng
追,追,zhuī
准,準,zhǔn
准确,準確,zhǔnquè
准时,準時,zhǔnshí
捉,捉,zhuō
仔细,仔細,zǐxì
资料,資料,zīliào
资源,資源,zīyuán
紫,紫,zǐ
自,自,zì
自从,自從,zìcóng
自动,自動,zìdòng
自费,自費,zìfèi
自觉,自覺,zìjué
自然,自然,zìrán
自我,自我,zìwǒ
自学,自學,zìxué
自由,自由,zìyóu
综合,綜合,zōnghé
总结,總結,zǒngjié
总理,總理,zǒnglǐ
总统,總統,zǒngtǒng
走道,走道,zǒudào
组,組,zǔ
钻,鑽,zuān
钻研,鑽研,zuānyán
最好,最好,zuìhǎo
醉,醉,zuì
尊敬,尊敬,zūnjìng
遵守,遵守,zūnshǒu
左边,左邊,zuǒbian
左右,左右,zuǒyòu
作家,作家,zuòjiā
作品,作品,zuòpǐn
作为,作為,zuòwéi
作文,作文,zuòwén
作用,作用,zuòyòng
作者,作者,zuòzhě
坐班,坐班,zuòbān
座谈,座談,zuòtán
座位,座位,zuòwèi
做法,做法,zuòfǎ
做客,做客,zuòkè
做梦,做夢,zuòmèng
