哎哟,哎喲,āiyō
唉,唉,āi
挨,挨,ái
癌,癌,ái
安,安,ān
安定,安定,āndìng
安装,安裝,ānzhuāng
按期,按期,ànqī
暗暗,暗暗,àn'àn
熬,熬,áo
奥秘,奧秘,àomì
扒,扒,bā
把,把,bǎ
把握,把握,bǎwò
坝,壩,bà
罢,罷,bà
罢工,罷工,bàgōng
白白,白白,báibái
百货,百貨,bǎihuò
柏树,柏樹,bǎishù
摆脱,擺脫,bǎituō
拜访,拜訪,bàifǎng
拜会,拜會,bàihuì
般,般,bān
办理,辦理,bànlǐ
半岛,半島,bàndǎo
瓣,瓣,bàn
帮,幫,bāng
绑,綁,bǎng
棒,棒,bàng
磅,磅,bàng
包袱,包袱,bāofu
包含,包含,bāohán
包围,包圍,bāowéi
宝,寶,bǎo
宝石,寶石,bǎoshí
保管,保管,bǎoguǎn
保密,保密,bǎomì
保守,保守,bǎoshǒu
保险,保險,bǎoxiǎn
保障,保障,bǎozhàng
报,報,bào
报仇,報仇,bàochóu
报酬,報酬,bàochou
报复,報復,bàofù
报刊,報刊,bàokān
报社,報社,bàoshè
暴露,暴露,bàolù
暴雨,暴雨,bàoyǔ
爆发,爆發,bàofā
爆炸,爆炸,bàozhà
悲哀,悲哀,bēi'āi
悲观,悲觀,bēiguān
背包,背包,bèibāo
背景,背景,bèijǐng
背诵,背誦,bèisòng
背心,背心,bèixīn
被动,被動,bèidòng
被迫,被迫,bèipò
辈,輩,bèi
奔,奔,bēn
奔,奔,bèn
奔跑,奔跑,bēnpǎo
本人,本人,běnrén
本身,本身,běnshēn
甭,甭,béng
比方,比方,bǐfang
彼此,彼此,bǐcǐ
笔试,筆試,bǐshì
必,必,bì
必定,必定,bìdìng
必修,必修,bìxiū
必需,必需,bìxū
毕竟,畢竟,bìjìng
闭幕,閉幕,bìmù
壁,壁,bì
边疆,邊疆,biānjiāng
边界,邊界,biānjiè
边缘,邊緣,biānyuán
编辑,編輯,biānjí
编制,編製,biānzhì
便利,便利,biànlì
便于,便於,biànyú
变动,變動,biàndòng
变革,變革,biàngé
辩论,辯論,biànlùn
标语,標語,biāoyǔ
标志,標誌,biāozhì
表情,表情,biǎoqíng
别,別,bié
别处,別處,biéchù
别字,別字,biézì
冰棍儿,冰棍兒,bīnggùnr
丙,丙,bǐng
柄,柄,bǐng
饼,餅,bǐng
病床,病床,bìngchuáng
病情,病情,bìngqíng
拨,撥,bō
波浪,波浪,bōlàng
剥,剝,bāo
剥削,剝削,bōxuē
菠菜,菠菜,bōcài
播,播,bō
播送,播送,bōsòng
博士,博士,bóshì
博物馆,博物館,bówùguǎn
薄弱,薄弱,bóruò
不安,不安,bù'ān
不比,不比,bùbǐ
不对,不對,bùduì
不够,不夠,bùgòu
不顾,不顧,bùgù
不见,不見,bùjiàn
不见得,不見得,bùjiànde
不禁,不禁,bùjīn
不觉,不覺,bùjué
不可,不可,bùkě
不利,不利,bùlì
不料,不料,bùliào
不满,不滿,bùmǎn
不免,不免,bùmiǎn
不是,不是,bùshì
不是……而是……,不是……而是……,bùshì...érshì...
不是……就是……,不是……就是……,bùshì...jiùshì...
不停,不停,bùtíng
不像话,不像話,bùxiànghuà
不由得,不由得,bùyóude
不在乎,不在乎,bùzàihu
不怎么样,不怎么樣,bùzěnmeyàng
不曾,不曾,bùcéng
不止,不止,bùzhǐ
不只,不只,bùzhǐ
不足,不足,bùzú
布告,佈告,bùgào
步骤,步驟,bùzhòu
部署,部署,bùshǔ
猜想,猜想,cāixiǎng
才,才,cái
才能,才能,cáinéng
财产,財產,cáichǎn
财富,財富,cáifù
财政,財政,cáizhèng
裁缝,裁縫,cáifeng
裁判,裁判,cáipàn
参考,參考,cānkǎo
参谋,參謀,cānmóu
餐车,餐車,cānchē
残酷,殘酷,cánkù
蚕,蠶,cán
惭愧,慚愧,cánkuì
惨,慘,cǎn
灿烂,燦爛,cànlàn
仓库,倉庫,cāngkù
苍白,蒼白,cāngbái
苍蝇,蒼蠅,cāngying
舱,艙,cāng
操心,操心,cāoxīn
操纵,操縱,cāozòng
操作,操作,cāozuò
草案,草案,cǎo'àn
侧,側,cè
测,測,cè
测量,測量,cèliáng
测试,測試,cèshì
插秧,插秧,chāyāng
茶馆,茶館,cháguǎn
茶话会,茶話會,cháhuàhuì
茶叶,茶葉,cháyè
差别,差別,chābié
产物,產物,chǎnwù
产值,產值,chǎnzhí
铲,鏟,chǎn
颤动,顫動,chàndòng
颤抖,顫抖,chàndǒu
长,長,zhǎng
长度,長度,chángdù
长久,長久,chángjiǔ
长远,長遠,chángyuǎn
肠,腸,cháng
常识,常識,chángshí
厂长,廠長,chǎngzhǎng
场地,場地,chǎngdì
场合,場合,chǎnghé
场面,場面,chǎngmiàn
钞票,鈔票,chāopiào
超额,超額,chāo'é
潮,潮,cháo
潮湿,潮濕,cháoshī
吵架,吵架,chǎojià
炒,炒,chǎo
车辆,車輛,chēliàng
车厢,車廂,chēxiāng
扯,扯,chě
撤,撤,chè
尘土,塵土,chéntǔ
沉,沉,chén
沉思,沉思,chénsī
陈列,陳列,chénliè
称呼,稱呼,chēnghu
撑,撐,chēng
成,成,chéng
成本,成本,chéngběn
成千上万,成千上萬,chéngqiānshàngwàn
成天,成天,chéngtiān
成语,成語,chéngyǔ
成员,成員,chéngyuán
承包,承包,chéngbāo
承担,承擔,chéngdān
乘客,乘客,chéngkè
程序,程序,chéngxù
吃苦,吃苦,chīkǔ
吃亏,吃虧,chīkuī
吃力,吃力,chīlì
池,池,chí
迟,遲,chí
持久,持久,chíjiǔ
尺寸,尺寸,chǐcun
尺子,尺子,chǐzi
赤道,赤道,chìdào
充实,充實,chōngshí
冲,沖,chòng
冲击,衝擊,chōngjī
冲突,衝突,chōngtū
仇,仇,chóu
仇恨,仇恨,chóuhèn
丑,丑,chǒu
出路,出路,chūlù
出卖,出賣,chūmài
出门,出門,chūmén
出难题,出難題,chūnántí
出身,出身,chūshēn
出事,出事,chūshì
出息,出息,chūxi
出洋相,出洋相,chūyángxiàng
出租,出租,chūzū
初期,初期,chūqī
初中,初中,chūzhōng
除,除,chú
除非,除非,chúfēi
处处,處處,chùchù
处于,處於,chǔyú
传达,傳達,chuándá
传染,傳染,chuánrǎn
传说,傳說,chuánshuō
喘,喘,chuǎn
串,串,chuàn
窗口,窗口,chuāngkǒu
窗帘,窗帘,chuānglián
窗台,窗台,chuāngtái
床单,床單,chuángdān
创立,創立,chuànglì
创新,創新,chuàngxīn
垂,垂,chuí
垂直,垂直,chuízhí
春季,春季,chūnjì
纯,純,chún
纯洁,純潔,chúnjié
瓷,瓷,cí
此刻,此刻,cǐkè
次,次,cì
次要,次要,cìyao
刺激,刺激,cìjī
从容,從容,cóngróng
匆忙,匆忙,cōngmáng
丛,叢,cóng
凑,湊,còu
粗心,粗心,cūxīn
粗心大意,粗心大意,cūxīndàyì
促使,促使,cùshǐ
窜,竄,cuàn
摧毁,摧毀,cuīhuǐ
村庄,村莊,cūnzhuāng
村子,村子,cūnzi
搓,搓,cuō
挫折,挫折,cuòzhé
错字,錯字,cuòzì
达,達,dá
达成,達成,dáchéng
答复,答覆,dáfù
打,打,dǎ
打败,打敗,dǎbài
打击,打擊,dǎjī
打架,打架,dǎjià
打交道,打交道,dǎjiāodào
打量,打量,dǎliang
打破,打破,dǎpò
打扫,打掃,dǎsǎo
打仗,打仗,dǎzhàng
打招呼,打招呼,dǎzhāohu
大半,大半,dàbàn
大便,大便,dàbiàn
大大,大大,dàdà
大道,大道,dàdào
大地,大地,dàdì
大都,大都,dàdū
大队,大隊,dàduì
大方,大方,dàfang
大哥,大哥,dàgē
大力,大力,dàlì
大脑,大腦,dànǎo
大嫂,大嫂,dàsǎo
大使,大使,dàshǐ
大意,大意,dàyì
大致,大致,dàzhì
大众,大眾,dàzhòng
大自然,大自然,dàzìrán
代,代,dài
代办,代辦,dàibàn
代价,代價,dàijià
代理,代理,dàilǐ
带动,帶動,dàidòng
带儿,帶兒,dàir
带领,帶領,dàilǐng
带头,帶頭,dàitóu
待遇,待遇,dàiyù
逮捕,逮捕,dàibǔ
单纯,單純,dānchún
单独,單獨,dāndú
担,擔,dān
担负,擔負,dānfù
耽误,耽誤,dānwu
胆,膽,dǎn
诞生,誕生,dànshēng
蛋白质,蛋白質,dànbáizhì
当,當,dāng
当初,當初,dāngchū
当代,當代,dāngdài
当家,當家,dāngjiā
当面,當面,dāngmiàn
当中,當中,dāngzhōng
党派,黨派,dǎngpài
党委,黨委,dǎngwěi
档案,檔案,dàng'àn
导弹,導彈,dǎodàn
导师,導師,dǎoshī
导演,導演,dǎoyǎn
导致,導致,dǎozhì
岛屿,島嶼,dǎoyǔ
倒霉,倒霉,dǎoméi
倒腾,倒騰,dǎoteng
到……为止……,到...為止...,dào...wéizhǐ...
得病,得病,débìng
得了,得了,déliǎo
得意,得意,déyì
灯火,燈火,dēnghuǒ
灯笼,燈籠,dēnglong
蹬,蹬,dēng
等到,等到,děngdào
等候,等候,děnghòu
凳子,凳子,dèngzi
瞪,瞪,dèng
堤,堤,dī
滴,滴,dī
底,底,dǐ
底片,底片,dǐpiàn
抵,抵,dǐ
抵抗,抵抗,dǐkàng
地板,地板,dìbǎn
地步,地步,dìbù
地道,地道,dìdào
地理,地理,dìlǐ
地势,地勢,dìshì
地毯,地毯,dìtǎn
地形,地形,dìxíng
地震,地震,dìzhèn
地质,地質,dìzhì
地主,地主,dìzhǔ
弟兄,弟兄,dìxiong
典礼,典禮,diǎnlǐ
典型,典型,diǎnxíng
电池,電池,diànchí
电力,電力,diànlì
电铃,電鈴,diànlíng
电流,電流,diànliú
电炉,電爐,diànlú
电脑,電腦,diànnǎo
电器,電器,diànqì
电线,電線,diànxiàn
电压,電壓,diànyā
电子,電子,diànzǐ
垫,墊,diàn
惦记,惦記,diànjì
奠定,奠定,diàndìng
雕刻,雕刻,diāokè
调动,調動,diàodòng
调皮,調皮,tiáopí
爹,爹,diē
叠,疊,dié
丁,丁,dīng
盯,盯,dīng
钉,釘,dīng
钉子,釘子,dīngzi
顶,頂,dǐng
订婚,訂婚,dìnghūn
定期,定期,dìngqī
冬季,冬季,dōngjì
懂事,懂事,dǒngshì
动机,動機,dòngjī
动静,動靜,dòngjing
动力,動力,dònglì
动摇,動搖,dòngyáo
斗,斗,dòu
抖,抖,dǒu
陡,陡,dǒu
豆浆,豆漿,dòujiāng
豆子,豆子,dòuzi
毒,毒,dú
读物,讀物,dúwù
独特,獨特,dútè
独自,獨自,dúzì
端,端,duān
端正,端正,duānzhèng
堆,堆,duī
堆积,堆積,duījī
队员,隊員,duìyuán
对……来说,對……來說,duì...láishuō
对得起,對得起,duìdeqǐ
对立,對立,duìlì
对了,對了,duìle
对门,對門,duìmén
兑换,兌換,duìhuàn
顿时,頓時,dùnshí
多半,多半,duōbàn
多亏,多虧,duōkuī
多劳多得,多勞多得,duōláoduōdé
多余,多餘,duōyú
哆嗦,哆嗦,duōsuo
夺取,奪取,duóqǔ
俄语,俄語,éyǔ
恶,惡,è
恶化,惡化,èhuà
恶劣,惡劣,èliè
恶心,噁心,ěxin
儿女,兒女,érnǚ
发电,發電,fādiàn
发觉,發覺,fājué
发射,發射,fāshè
发行,發行,fāxíng
发育,發育,fāyù
罚,罰,fá
法令,法令,fǎlìng
法院,法院,fǎyuàn
法制,法制,fǎzhì
法子,法子,fǎzi
番,番,fān
翻身,翻身,fānshēn
凡是,凡是,fánshì
烦,煩,fán
繁殖,繁殖,fánzhí
反,反,fǎn
反而,反而,fǎn'ér
反击,反擊,fǎnjī
反问,反問,fǎnwèn
返,返,fǎn
犯人,犯人,fànrén
犯罪,犯罪,fànzuì
泛滥,氾濫,fànlàn
饭馆,飯館,fànguǎn
方,方,fāng
防守,防守,fángshǒu
防御,防禦,fángyù
防治,防治,fángzhì
妨碍,妨礙,fáng'ài
房屋,房屋,fángwū
纺,紡,fǎng
放手,放手,fàngshǒu
放松,放鬆,fàngsōng
放学,放學,fàngxué
放映,放映,fàngyìng
飞快,飛快,fēikuài
飞行,飛行,fēixíng
飞跃,飛躍,fēiyuè
非,非,fēi
肥料,肥料,féiliào
肥皂,肥皂,féizào
废,廢,fèi
废除,廢除,fèichú
废话,廢話,fèihuà
废墟,廢墟,fèixū
沸腾,沸騰,fèiténg
费力,費力,fèilì
分布,分佈,fēnbù
分割,分割,fēngē
分工,分工,fēngōng
分解,分解,fēnjiě
分离,分離,fēnlí
分量,分量,fēnliàng
分裂,分裂,fēnliè
分泌,分泌,fēnmì
分明,分明,fēnmíng
分散,分散,fēnsàn
分数,分數,fēnshù
分子,分子,fēnzǐ
坟,墳,fén
粉,粉,fěn
粉碎,粉碎,fěnsuì
粪,糞,fèn
丰产,豐產,fēngchǎn
丰收,豐收,fēngshōu
风格,風格,fēnggé
风气,風氣,fēngqì
封,封,fēng
封锁,封鎖,fēngsuǒ
疯,瘋,fēng
疯狂,瘋狂,fēngkuáng
缝,縫,féng
讽刺,諷刺,fěngcì
佛教,佛教,Fójiào
夫妻,夫妻,fūqī
服,服,fú
俯,俯,fǔ
腐蚀,腐蝕,fǔshí
腐朽,腐朽,fǔxiǔ
妇人,婦人,fùrén
负,負,fù
负担,負擔,fùdān
复活节,復活節,Fùhuójié
复制,複製,fùzhì
富有,富有,fùyǒu
富裕,富裕,fùyù
改编,改編,gǎibiān
改良,改良,gǎiliáng
盖子,蓋子,gàizi
干旱,乾旱,gānhàn
干劲,幹勁,gànjìn
干扰,干擾,gānrǎo
干涉,干涉,gānshè
甘,甘,gān
赶忙,趕忙,gǎnmáng
赶上,趕上,gǎnshàng
敢于,敢於,gǎnyú
感受,感受,gǎnshòu
岗位,崗位,gǎngwèi
纲领,綱領,gānglǐng
缸,缸,gāng
港币,港幣,Gǎngbì
港口,港口,gǎngkǒu
高潮,高潮,gāocháo
高等,高等,gāoděng
高峰,高峰,gāofēng
高级,高級,gāojí
高粱,高粱,gāoliang
高尚,高尚,gāoshàng
高速,高速,gāosù
高压,高壓,gāoyā
高中,高中,gāozhōng
稿,稿,gǎo
告辞,告辭,gàocí
鸽子,鴿子,gēzi
歌唱,歌唱,gēchàng
歌剧,歌劇,gējù
歌曲,歌曲,gēqǔ
歌颂,歌頌,gēsòng
革新,革新,géxīn
格外,格外,géwài
隔阂,隔閡,géhé
个儿,個兒,gèr
个体户,個體戶,gètǐhù
个性,個性,gèxìng
各式各样,各式各樣,gèshìgèyàng
各自,各自,gèzì
给以,給以,gěiyǐ
给予,給予,jǐyǔ
根源,根源,gēnyuán
耕地,耕地,gēngdì
工地,工地,gōngdì
工龄,工齡,gōnglíng
工钱,工錢,gōngqian
工序,工序,gōngxù
弓,弓,gōng
公,公,gōng
公安,公安,gōng'ān
公布,公佈,gōngbù
公民,公民,gōngmín
公顷,公頃,gōngqǐng
公式,公式,gōngshì
公用,公用,gōngyòng
功课,功課,gōngkè
功劳,功勞,gōngláo
功能,功能,gōngnéng
攻,攻,gōng
攻击,攻擊,gōngjī
攻克,攻克,gōngkè
供应,供應,gōngyìng
宫,宮,gōng
宫殿,宮殿,gōngdiàn
共和国,共和國,gònghéguó
共青团,共青團,Gòngqīngtuán
勾结,勾結,gōujié
沟,溝,gōu
钩,鉤,gōu
钩子,鉤子,gōuzi
购,購,gòu
购买,購買,gòumǎi
孤立,孤立,gūlì
辜负,辜負,gūfù
古典,古典,gǔdiǎn
谷子,穀子,gǔzi
股,股,gǔ
骨干,骨干,gǔgàn
鼓动,鼓動,gǔdòng
固定,固定,gùdìng
固然,固然,gùrán
固体,固體,gùtǐ
顾问,顧問,gùwèn
雇,僱,gù
瓜,瓜,guā
瓜子,瓜子,guāzǐ
寡妇,寡婦,guǎfu
乖,乖,guāi
拐弯儿,拐彎兒,guǎiwānr
怪,怪,guài
怪不得,怪不得,guàibude
关,關,guān
关怀,關懷,guānhuái
关头,關頭,guāntóu
观测,觀測,guāncè
观看,觀看,guānkàn
观念,理念,guānniàn
官僚主义,官僚主義,guānliáozhǔyì
管道,管道,guǎndào
管子,管子,guǎnzi
惯,慣,guàn
灌,灌,guàn
灌溉,灌溉,guàngài
罐,罐,guàn
光,光,guāng
光彩,光彩,guāngcǎi
光滑,光滑,guānghua
光临,光臨,guānglín
广,廣,guǎng
归,歸,guī
规划,規劃,guīhuà
规矩,規矩,guīju
规则,規則,guīzé
轨道,軌道,guǐdào
柜台,柜台,guìtái
柜子,柜子,guìzi
贵宾,貴賓,guìbīn
棍子,棍子,gùnzi
锅炉,鍋爐,guōlú
国防,國防,guófáng
国籍,國籍,guójí
国旗,國旗,guóqí
国庆节,國慶節,Guóqìngjié
国务院,國務院,Guówùyuàn
国营,國營,guóyíng
果实,果實,guǒshí
果树,果樹,guǒshù
裹,裹,guǒ
过,過,guò
过渡,過渡,guòdù
过分,過分,guòfèn
海拔,海拔,hǎibá
海军,海軍,hǎijūn
海面,海面,hǎimiàn
海峡,海峽,hǎixiá
害虫,害蟲,hàichóng
含糊,含糊,hánhu
含量,含量,hánliàng
喊叫,喊叫,hǎnjiào
旱,旱,hàn
焊,焊,hàn
航行,航行,hángxíng
毫米,毫米,háomǐ
好,好,hǎo
好比,好比,hǎobǐ
好奇,好奇,hàoqí
耗,耗,hào
呵,呵,hē
合唱,合唱,héchàng
合成,合成,héchéng
合法,合法,héfǎ
合格,合格,hégé
合金,合金,héjīn
合算,合算,hésuàn
何必,何必,hébì
何况,何況,hékuàng
河流,河流,héliú
核,核,hé
黑夜,黑夜,hēiyè
狠,狠,hěn
恨不得,恨不得,hènbude
横,橫,héng
宏伟,宏偉,hóngwěi
洪水,洪水,hóngshuǐ
喉咙,喉嚨,hóulóng
吼,吼,hǒu
后代,後代,hòudài
后方,後方,hòufāng
后果,後果,hòuguǒ
后头,後頭,hòutou
后退,後退,hòutuì
呼呼,呼呼,hūhū
忽视,忽視,hūshì
胡说,胡說,húshuō
胡同,衚衕,hútòng
蝴蝶,蝴蝶,húdié
互助,互助,hùzhù
护,護,hù
花朵,花朵,huāduǒ
花生,花生,huāshēng
华侨,華僑,huáqiáo
华人,華人,huárén
哗哗,嘩嘩,huāhuā
滑雪,滑雪,huáxuě
化工,化工,huàgōng
化合,化合,huàhé
化石,化石,huàshí
化验,化驗,huàyàn
画家,畫家,huàjiā
画蛇添足,畫蛇添足,huàshétiānzú
话剧,話劇,huàjù
怀,懷,huái
怀念,懷念,huáiniàn
怀疑,懷疑,huáiyí
坏蛋,壞蛋,huàidàn
欢呼,歡呼,huānhū
欢乐,歡樂,huānlè
欢喜,歡喜,huānxǐ
缓和,緩和,huǎnhé
缓缓,緩緩,huǎnhuǎn
缓慢,緩慢,huǎnmàn
幻灯,幻燈,huàndēng
幻想,幻想,huànxiǎng
唤,喚,huàn
患,患,huàn
荒,荒,huāng
慌忙,慌忙,huāngmáng
黄昏,黃昏,huánghūn
黄色,黃色,huángsè
晃,晃,huàng
灰,灰,huī
灰尘,灰塵,huīchén
灰心,灰心,huīxīn
辉煌,輝煌,huīhuáng
回想,回想,huíxiǎng
汇,匯,huì
汇报,彙報,huìbào
汇款,匯款,huìkuǎn
毁,毀,huǐ
昏,昏,hūn
浑身,渾身,húnshēn
混合,混合,hùnhé
混乱,混亂,hùnluàn
混凝土,混凝土,hùnníngtǔ
混淆,混淆,hùnxiáo
活,活,huó
活该,活該,huógāi
火箭,火箭,huǒjiàn
火力,火力,huǒlì
火焰,火焰,huǒyàn
火药,火藥,huǒyào
伙,伙,huǒ
伙伴,伙伴,huǒbàn
或多或少,或多或少,huòduōhuòshǎo
货币,貨幣,huòbì
货物,貨物,huòwù
获,獲,huò
饥饿,飢餓,jī'è
机,機,jī
机动,機動,jīdòng
机构,機構,jīgòu
肌肉,肌肉,jīròu
基层,基層,jīcéng
基地,基地,jīdì
激素,激素,jīsù
级别,級別,jíbié
即将,即將,jíjiāng
即使,即使,jíshǐ
极端,極端,jíduān
急躁,急躁,jízào
疾病,疾病,jíbìng
集团,集團,jítuán
计,計,jì
计算机,計算機,jìsuànjī
记载,記載,jìzǎi
技能,技能,jìnéng
技巧,技巧,jìqiǎo
季,季,jì
继承,繼承,jìchéng
寂寞,寂寞,jìmò
加紧,加緊,jiājǐn
加入,加入,jiārù
加速,加速,jiāsù
加油,加油,jiāyóu
夹子,夾子,jiāzi
佳,佳,jiā
家伙,家伙,jiāhuo
家属,家屬,jiāshǔ
甲,甲,jiǎ
价,價,jià
价钱,價錢,jiàqian
驾驶,駕駛,jiàshǐ
架,架,jià
架子,架子,jiàzi
假,假,jià
假期,假期,jiàqī
假如,假如,jiǎrú
假若,假若,jiǎruò
假使,假使,jiǎshǐ
嫁,嫁,jià
尖子,尖子,jiānzi
坚固,堅固,jiāngù
坚硬,堅硬,jiānyìng
歼灭,殲滅,jiānmiè
艰难,艱難,jiānnán
兼,兼,jiān
监督,監督,jiāndū
监视,監視,jiānshì
监狱,監獄,jiānyù
煎,煎,jiān
检讨,檢討,jiǎntǎo
检验,檢驗,jiǎnyàn
简便,簡便,jiǎnbiàn
简直,簡直,jiǎnzhí
碱,鹼,jiǎn
见解,見解,jiànjiě
建造,建造,jiànzào
贱,賤,jiàn
健全,健全,jiànquán
渐,漸,jiàn
溅,濺,jiàn
鉴定,鑑定,jiàndìng
将军,將軍,jiāngjūn
僵,僵,jiāng
讲究,講究,jiǎngjiu
讲课,講課,jiǎngkè
讲义,講義,jiǎngyì
奖金,獎金,jiǎngjīn
奖励,獎勵,jiǎnglì
酱,醬,jiàng
交代,交代,jiāodài
交谈,交談,jiāotán
交易,交易,jiāoyì
浇,澆,jiāo
胶卷,膠捲,jiāojuǎn
焦急,焦急,jiāojí
角度,角度,jiǎodù
角落,角落,jiǎoluò
狡猾,狡猾,jiǎohuá
脚步,腳步,jiǎobù
搅,攪,jiǎo
教导,教導,jiàodǎo
教练,教練,jiàoliàn
教堂,教堂,jiàotáng
教研室,教研室,jiàoyánshì
阶层,階層,jiēcéng
接连,接連,jiēlián
揭,揭,jiē
揭露,揭露,jiēlù
节,節,jié
洁白,潔白,jiébái
结,結,jié
结果,結果,jiéguǒ
截,截,jié
竭力,竭力,jiélì
解放军,解放軍,jiěfàngjūn
解剖,解剖,jiěpōu
界线,界線,jièxiàn
借口,藉口,jièkǒu
今日,今日,jīnrì
金鱼,金魚,jīnyú
紧急,緊急,jǐnjí
紧密,緊密,jǐnmì
紧俏,緊俏,jǐnqiào
谨慎,謹慎,jǐnshèn
尽力,盡力,jìnlì
近代,近代,jìndài
进军,進軍,jìnjūn
浸,浸,jìn
经费,經費,jīngfèi
经营,經營,jīngyíng
惊,驚,jīng
惊动,驚動,jīngdòng
惊奇,驚奇,jīngqí
惊人,驚人,jīngrén
惊讶,驚訝,jīngyà
惊异,驚異,jīngyì
精,精,jīng
精神,精神,jīngshen
精细,精細,jīngxì
精致,精致,jīngzhì
鲸鱼,鯨魚,jīngyú
景色,景色,jǐngsè
景物,景物,jǐngwù
景象,景象,jǐngxiàng
警告,警告,jǐnggào
警惕,警惕,jǐngtì
净,淨,jìng
竞争,競爭,jìngzhēng
竟,竟,jìng
竟然,竟然,jìngrán
敬酒,敬酒,jìngjiǔ
境,境,jìng
揪,揪,jiū
酒店,酒店,jiǔdiàn
就,就,jiù
就是……也……,就是……也……,jiùshì...yě...
就是说,就是說,jiùshìshuō
舅舅,舅舅,jiùjiu
舅母,舅母,jiùmu
居民,居民,jūmín
居然,居然,jūrán
居住,居住,jūzhù
局,局,jú
局部,局部,júbù
局面,局面,júmiàn
举办,舉辦,jǔbàn
剧,劇,jù
剧烈,劇烈,jùliè
剧院,劇院,jùyuàn
据,據,jù
距,距,jù
聚,聚,jù
聚集,聚集,jùjí
聚精会神,聚精會神,jùjīnghuìshén
卷,卷,juǎn
决口,決口,juékǒu
决议,決議,juéyì
绝,絕,jué
觉,覺,jiào
觉,覺,jué
军备,軍備,jūnbèi
军官,軍官,jūnguān
军舰,軍艦,jūnjiàn
军人,軍人,jūnrén
均,均,jūn
均匀,均匀,jūnyún
开办,開辦,kāibàn
开除,開除,kāichú
开动,開動,kāidòng
开发,開發,kāifā
开饭,開飯,kāifàn
开口,開口,kāikǒu
开幕,開幕,kāimù
开设,開設,kāishè
开水,開水,kāishuǐ
开夜车,開夜車,kāiyèchē
刊物,刊物,kānwù
看,看,kàn
抗议,抗議,kàngyì
考察,考察,kǎochá
考验,考驗,kǎoyàn
靠近,靠近,kàojìn
科技,科技,kējì
科普,科普,kēpǔ
壳,殼,ké
咳,咳,hāi
可不是,可不是,kěbushì
可见,可見,kějiàn
可巧,可巧,kěqiǎo
可惜,可惜,kěxī
可笑,可笑,kěxiào
可行,可行,kěxíng
渴望,渴望,kěwàng
客,客,kè
客观,客觀,kèguān
客厅,客廳,kètīng
课堂,課堂,kètáng
坑,坑,kēng
空,空,kòng
空军,空軍,kōngjūn
恐怖,恐怖,kǒngbù
口气,口氣,kǒuqì
口试,口試,kǒushì
口头,口頭,kǒutóu
枯,枯,kū
窟窿,窟窿,kūlong
夸,夸,kuā
垮,垮,kuǎ
快餐,快餐,kuàicān
快活,快活,kuàihuo
宽阔,寬闊,kuānkuò
款待,款待,kuǎndài
筐,筐,kuāng
狂,狂,kuáng
狂风,狂風,kuángfēng
况且,況且,kuàngqiě
矿石,礦石,kuàngshí
昆虫,昆蟲,kūnchóng
阔,闊,kuò
喇叭,喇叭,lǎba
蜡烛,蠟燭,làzhú
辣,辣,là
辣椒,辣椒,làjiāo
来宾,來賓,láibīn
来回,來回,láihuí
来客,來客,láikè
来往,來往,láiwǎng
来源,來源,láiyuán
篮子,籃子,lánzi
朗诵,朗誦,lǎngsòng
牢,牢,láo
牢固,牢固,láogù
牢骚,牢騷,láosāo
老年,老年,lǎonián
老婆,老婆,lǎopo
老人家,老人家,lǎorenjia
老乡,老鄉,lǎoxiāng
姥姥,姥姥,lǎolao
乐,樂,lè
乐器,樂器,yuèqì
类似,類似,lèisì
类型,類型,lèixíng
冷静,冷靜,lěngjìng
冷却,冷卻,lěngquè
冷饮,冷飲,lěngyǐn
愣,愣,lèng
黎明,黎明,límíng
礼,禮,lǐ
礼拜,禮拜,lǐbài
里头,裡頭,lǐtou
理,理,lǐ
力求,力求,lìqiú
力争,力爭,lìzhēng
历年,歷年,lìnián
利,利,lì
利润,利潤,lìrùn
连接,連接,liánjiē
联络,聯絡,liánluò
联盟,聯盟,liánméng
脸色,臉色,liǎnsè
炼,煉,liàn
凉水,涼水,liángshuǐ
两旁,兩旁,liǎngpáng
谅解,諒解,liàngjiě
量,量,liàng
料,料,liào
列车,列車,lièchē
烈士,烈士,lièshì
猎人,獵人,lièrén
裂,裂,liè
淋,淋,lín
灵魂,靈魂,línghún
零件,零件,língjiàn
领会,領會,lǐnghuì
领土,領土,lǐngtǔ
领域,領域,lǐngyù
令,令,lìng
溜,溜,liū
流传,流傳,liúchuán
流动,流動,liúdòng
流氓,流氓,liúmáng
流水,流水,liúshuǐ
流行,流行,liúxíng
流域,流域,liúyù
留学,留學,liúxué
柳树,柳樹,liǔshù
笼罩,籠罩,lǒngzhào
笼子,籠子,lóngzi
垄断,壟斷,lǒngduàn
拢,攏,lǒng
喽,嘍,lou
楼道,樓道,lóudào
楼房,樓房,lóufáng
搂,摟,lǒu
露,露,lù
露面,露面,lòumiàn
炉子,爐子,lúzi
陆地,陸地,lùdì
陆军,陸軍,lùjūn
路过,路過,lùguò
路口,路口,lùkǒu
驴,驢,lǘ
旅游,旅遊,lǚyóu
铝,鋁,lǚ
卵,卵,luǎn
掠夺,掠奪,lüèduó
轮廓,輪廓,lúnkuò
轮流,輪流,lúnliú
轮子,輪子,lúnzi
论,論,lùn
逻辑,邏輯,luóji
锣,鑼,luó
骆驼,駱駝,luòtuo
马克思主义,馬克思主義,mǎkèsīzhǔyì
瞒,瞞,mán
满腔,滿腔,mǎnqiāng
漫长,漫長,màncháng
盲目,盲目,mángmù
毛笔,毛筆,máobǐ
毛线,毛線,máoxiàn
毛泽东思想,毛澤東思想,máozédōngsīxiǎng
茅台酒,茅台酒,máotáijiǔ
没说的,沒說的,méishuōde
眉毛,眉毛,méimao
眉头,眉頭,méitóu
梅花,梅花,méihuā
美观,美觀,měiguān
门诊,門診,ménzhěn
闷,悶,mēn
猛,猛,měng
猛烈,猛烈,měngliè
猛然,猛然,měngrán
蒙,蒙,méng
梦想,夢想,mèngxiǎng
迷,迷,mí
迷糊,迷糊,míhu
迷信,迷信,míxìn
谜语,謎語,míyǔ
眯,瞇,mī
秘书,秘書,mìshū
蜜,蜜,mì
免得,免得,miǎnde
勉强,勉強,miǎnqiǎng
面对,面對,miànduì
面粉,面粉,miànfěn
面孔,面孔,miànkǒng
面临,面臨,miànlín
苗,苗,miáo
灭亡,滅亡,mièwáng
民兵,民兵,mínbīng
民间,民間,mínjiān
民用,民用,mínyòng
敏捷,敏捷,mǐnjié
明白,明白,míngbai
明明,明明,míngmíng
明信片,明信片,míngxìnpiàn
鸣,鳴,míng
命,命,mìng
模范,模範,mófàn
模糊,模糊,móhu
模型,模型,móxíng
摩托车,摩托車,mótuōchē
抹,抹,mǒ
末,末,mò
陌生,陌生,mòshēng
墨,墨,mò
某些,某些,mǒuxiē
木材,木材,mùcái
目光,目光,mùguāng
牧场,牧場,mùchǎng
牧民,牧民,mùmín
墓,墓,mù
幕,幕,mù
拿……来说,拿……來說,ná...láishuō
内科,內科,nèikē
奶,奶,nǎi
耐,耐,nài
耐烦,耐煩,nàifán
男子,男子,nánzǐ
难得,難得,nándé
难怪,難怪,nánguài
难题,難題,nántí
难以,難以,nányǐ
脑筋,腦筋,nǎojīn
脑力,腦力,nǎolì
闹笑话,鬧笑話,nàoxiàohuà
闹着玩儿,鬧著玩兒,nàozhewánr
嫩,嫩,nèn
能,能,néng
能歌善舞,能歌善舞,nénggēshànwǔ
能量,能量,néngliàng
泥土,泥土,nítǔ
念书,念書,niànshū
娘,娘,niáng
捏,捏,niē
宁可,寧可,nìngkě
拧,擰,nǐng
扭转,扭轉,niǔzhuǎn
农场,農場,nóngchǎng
农具,農具,nóngjù
农贸市场,農貿市場,nóngmàoshìchǎng
农田,農田,nóngtián
农药,農藥,nóngyào
农作物,農作物,nóngzuòwù
奴隶,奴隸,núlì
怒,怒,nù
女子,女子,nǚzǐ
噢,噢,ō
哦,哦,ò
偶尔,偶爾,ǒu'ěr
偶然,偶然,ǒurán
趴,趴,pā
拍摄,拍攝,pāishè
拍子,拍子,pāizi
排斥,排斥,páichì
排列,排列,páiliè
牌子,牌子,páizi
攀,攀,pān
攀登,攀登,pāndēng
盘,盤,pán
盼,盼,pàn
畔,畔,pàn
抛,拋,pāo
炮弹,砲彈,pàodàn
泡,泡,pào
陪同,陪同,péitóng
培养,培養,péiyǎng
培育,培育,péiyù
赔偿,賠償,péicháng
佩服,佩服,pèifu
配,配,zhīpèi
盆地,盆地,péndì
棚,棚,péng
蓬勃,蓬勃,péngbó
膨胀,膨脹,péngzhàng
碰钉子,碰釘子,pèngdīngzi
批,批,pī
疲倦,疲倦,píjuàn
屁股,屁股,pìgu
譬如,譬如,pìrú
偏,偏,piān
偏偏,偏偏,piānpiān
飘扬,飄揚,piāoyáng
拼,拼,pīn
贫苦,貧苦,pínkǔ
贫穷,貧窮,pínqióng
品德,品德,pǐndé
品质,品質,pǐnzhì
平凡,平凡,píngfán
平衡,平衡,pínghéng
平行,平行,píngxíng
评,評,píng
评价,評價,píngjià
评论,評論,pínglùn
凭,憑,píng
泼,潑,pō
迫害,迫害,pòhài
破产,破產,pòchǎn
破烂,破爛,pòlàn
葡萄,葡萄,pútao
普及,普及,pǔjí
普通话,普通話,Pǔtōnghuà
欺负,欺負,qīfu
漆,漆,qī
其,其,qí
其实,其實,qíshí
奇迹,奇跡,qíjì
棋,棋,qí
旗袍,旗袍,qípáo
旗帜,旗幟,qízhì
起初,起初,qǐchū
起飞,起飛,qǐfēi
起义,起義,qǐyì
起源,起源,qǐyuán
气,氣,qì
气氛,氣氛,qìfēn
气愤,氣憤,qìfèn
气概,氣概,qìgài
气体,氣體,qìtǐ
气味,氣味,qìwèi
气压,氣壓,qìyā
汽船,汽船,qìchuán
器材,器材,qìcái
器官,器官,qìguān
恰当,恰當,qiàdàng
恰好,恰好,qiàhǎo
恰恰,恰恰,qiàqià
千方百计,千方百計,qiānfāngbǎijì
千克,千克,qiānkè
铅,鉛,qiān
谦虚,謙虛,qiānxū
前方,前方,qiánfāng
前后,前後,qiánhòu
前头,前頭,qiántou
歉意,歉意,qiànyì
强迫,強迫,qiǎngpò
墙壁,牆壁,qiángbì
翘,翹,qiào
切实,切實,qièshí
亲,親,qīn
亲热,親熱,qīnrè
亲人,親人,qīnrén
亲眼,親眼,qīnyǎn
侵犯,侵犯,qīnfàn
侵入,侵入,qīnrù
琴,琴,qín
勤劳,勤勞,qínláo
青菜,青菜,qīngcài
青春,青春,qīngchūn
青蛙,青蛙,qīngwā
轻视,輕視,qīngshì
轻易,輕易,qīngyì
倾向,傾向,qīngxiàng
清晨,清晨,qīngchén
清除,清除,qīngchú
清洁,清潔,qīngjié
清晰,清晰,qīngxī
清醒,清醒,qīngxǐng
情,情,qíng
情报,情報,qíngbào
晴天,晴天,qíngtiān
请教,請教,qǐngjiào
请示,請示,qǐngshì
穷人,窮人,qióngrén
丘陵,丘陵,qiūlíng
秋季,秋季,qiūjì
区域,區域,qūyù
曲折,曲折,qūzhé
渠道,渠道,qúdào
娶,娶,qǔ
趣味,趣味,qùwèi
圈子,圈子,quānzi
全局,全局,quánjú
权力,權力,quánlì
权利,權利,quánlì
拳头,拳頭,quántou
劝告,勸告,quàngào
群岛,群島,qúndǎo
燃料,燃料,ránliào
染料,染料,rǎnliào
饶,饒,ráo
热带,熱帶,rèdài
热量,熱量,rèliàng
人家,人家,rénjia
人间,人間,rénjiān
人力,人力,rénlì
人群,人群,rénqún
人士,人士,rénshì
人体,人體,réntǐ
人心,人心,rénxīn
忍不住,忍不住,rěnbuzhù
忍耐,忍耐,rěnnài
忍受,忍受,rěnshòu
任,任,rèn
任性,任性,rènxìng
任意,任意,rènyì
仍旧,仍舊,réngjiù
日报,日報,rìbào
日夜,日夜,rìyè
日益,日益,rìyì
日用,日用,rìyòng
荣幸,榮幸,róngxìng
容,容,róng
容器,容器,róngqì
容许,容許,róngxǔ
溶液,溶液,róngyè
柔软,柔軟,róuruǎn
揉,揉,róu
如此,如此,rúcǐ
如同,如同,rútóng
如下,如下,rúxià
软弱,軟弱,ruǎnruò
若,若,ruò
若干,若干,ruògān
塞,塞,sāi
散,散,sǎn
散布,散佈,sànbù
散文,散文,sǎnwén
丧失,喪失,sàngshī
色彩,色彩,sècǎi
纱,紗,shā
山地,山地,shāndì
山峰,山峰,shānfēng
山谷,山谷,shāngǔ
删,刪,shān
闪电,閃電,shǎndiàn
闪烁,閃爍,shǎnshuò
扇子,扇子,shànzi
伤害,傷害,shānghài
伤口,傷口,shāngkǒu
伤脑筋,傷腦筋,shāngnǎojīn
商人,商人,shāngrén
上帝,上帝,Shàngdì
上升,上升,shàngshēng
上述,上述,shàngshù
上头,上頭,shàngtou
上下,上下,shàngxià
上旬,上旬,shàngxún
上游,上游,shàngyóu
少女,少女,shàonǚ
少先队,少先隊,shàoxiānduì
哨兵,哨兵,shàobīng
舍不得,舍不得,shěbude
舍得,舍得,shěde
设,設,shè
设法,設法,shèfǎ
设想,設想,shèxiǎng
社会主义,社會主義,shèhuìzhǔyì
社论,社論,shèlùn
射击,射擊,shèjī
摄氏,攝氏,Shèshì
摄影,攝影,shèyǐng
申请,申請,shēnqǐng
身材,身材,shēncái
身份,身分,shēnfen
身子,身子,shēnzi
深度,深度,shēndù
深夜,深夜,shēnyè
神话,神話,shénhuà
神秘,神秘,shénmì
神气,神氣,shénqì
神情,神情,shénqíng
神圣,神聖,shénshèng
审查,審查,shěnchá
婶子,嬸子,shěnzi
甚至,甚至,shènzhì
甚至于,甚至於,shènzhìyú
慎重,慎重,shènzhòng
生,生,shēng
生病,生病,shēngbìng
生存,生存,shēngcún
生理,生理,shēnglǐ
声明,聲明,shēngmíng
省长,省長,shěngzhǎng
省得,省得,shěngde
圣诞节,聖誕節,Shèngdànjié
盛,盛,chéng
剩余,剩餘,shèngyú
失掉,失掉,shīdiào
失眠,失眠,shīmián
师范,師范,shīfàn
诗人,詩人,shīrén
湿润,濕潤,shīrùn
时常,時常,shícháng
时机,時機,shíjī
时节,時節,shíjié
时时,時時,shíshí
实话,實話,shíhuà
实况,實況,shíkuàng
实施,實施,shíshī
实习,實習,shíxí
实质,實質,shízhì
使得,使得,shǐde
使劲,使勁,shǐjìn
驶,駛,shǐ
士兵,士兵,shìbīng
市长,市長,shìzhǎng
示威,示威,shìwēi
事故,事故,shìgù
事迹,事跡,shìjì
事务,事務,shìwù
势力,勢力,shìli
是的,是的,shìde
是非,是非,shìfēi
适宜,適宜,shìyí
逝世,逝世,shìshì
收割,收割,shōugē
收集,收集,shōují
收缩,收縮,shōusuō
手枪,手槍,shǒuqiāng
手势,手勢,shǒushì
守,守,shǒu
寿命,壽命,shòumìng
售,售,shòu
售货,售貨,shòuhuò
书本,書本,shūběn
书籍,書籍,shūjí
梳,梳,shū
梳子,梳子,shūzi
舒畅,舒暢,shūchàng
束,束,shù
束缚,束縛,shùfù
树立,樹立,shùlì
树木,樹木,shùmù
数据,數據,shùjù
数目,數目,shùmù
刷子,刷子,shuāzi
耍,耍,shuǎ
衰弱,衰弱,shuāiruò
拴,拴,shuān
双,雙,shuāng
霜,霜,shuāng
水分,水分,shuǐfèn
水库,水庫,shuǐkù
水力,水力,shuǐlì
水利,水利,shuǐlì
税,稅,shuì
睡眠,睡眠,shuìmián
顺,順,shùn
顺手,順手,shùnshǒu
说不定,說不定,shuōbudìng
说法,說法,shuōfa
说服,說服,shuōfú
丝毫,絲毫,sīháo
司令,司令,sīlìng
私有,私有,sīyǒu
思考,思考,sīkǎo
思念,思念,sīniàn
思索,思索,sīsuǒ
思维,思維,sīwéi
死,死,sǐ
死亡,死亡,sǐwáng
四处,四處,sìchù
四面八方,四面八方,sìmiànbāfāng
四周,四周,sìzhōu
伺候,伺候,cìhou
似的,似的,shìde
饲养,飼養,sìyǎng
松树,松樹,sōngshù
送礼,送禮,sònglǐ
搜集,搜集,sōují
艘,艘,sōu
俗话,俗話,súhuà
速成,速成,sùchéng
算是,算是,suànshì
算数,算數,suànshù
虽,雖,suī
虽说,雖說,suīshuō
随后,隨後,suíhòu
随即,隨即,suíjí
随手,隨手,suíshǒu
岁数,歲數,suìshu
孙女,孫女,sūnnǚ
孙子,孫子,sūnzi
损害,損害,sǔnhài
损坏,損壞,sǔnhuài
缩短,縮短,suōduǎn
缩小,縮小,suōxiǎo
锁,鎖,suǒ
塌,塌,tā
踏,踏,tà
踏实,踏實,tāshi
摊,攤,tān
滩,灘,tān
谈话,談話,tánhuà
谈论,談論,tánlùn
坦克,坦克,tǎnkè
叹气,嘆氣,tànqì
探索,探索,tànsuǒ
倘若,倘若,tǎngruò
逃避,逃避,táobì
桃,桃,táo
特,特,tè
特务,特務,tèwu
特征,特徵,tèzhēng
提包,提包,tíbāo
提纲,提綱,tígāng
提问,提問,tíwèn
提醒,提醒,tíxǐng
提议,提議,tíyì
蹄,蹄,tí
体操,體操,tǐcāo
体力,體力,tǐlì
体面,體面,tǐmian
体温,體溫,tǐwēn
体现,體現,tǐxiàn
天才,天才,tiāncái
天空,天空,tiānkōng
天然,天然,tiānrán
天然气,天然氣,tiānránqì
天上,天上,tiānshàng
天文,天文,tiānwén
天下,天下,tiānxià
天主教,天主教,Tiānzhǔjiào
田地,田地,tiándì
挑选,挑選,tiāoxuǎn
条例,條例,tiáolì
调节,調節,tiáojié
跳动,跳動,tiàodòng
厅,廳,tīng
亭子,亭子,tíngzi
停留,停留,tíngliú
挺,挺,tǐng
通常,通常,tōngcháng
通顺,通順,tōngshùn
通信,通信,tōngxìn
同伴,同伴,tóngbàn
同胞,同胞,tóngbāo
同盟,同盟,tóngméng
统计,統計,tǒngjì
统统,統統,tǒngtǒng
筒,筒,tǒng
头脑,頭腦,tóunǎo
投机,投機,tóujī
投降,投降,tóuxiáng
透明,透明,tòumíng
突破,突破,tūpò
图画,圖畫,túhuà
徒弟,徒弟,túdi
途径,途徑,tújìng
土,土,tǔ
土壤,土壤,tǔrǎng
团长,團長,tuánzhǎng
团体,團體,tuántǐ
团员,團員,tuányuán
推迟,延遲,tuīchí
推辞,推辭,tuīcí
推翻,推翻,tuīfān
推荐,推薦,tuījiàn
推进,推進,tuījìn
退步,退步,tuìbù
退休,退休,tuìxiū
吞,吞,tūn
托儿所,托兒所,tuō'érsuǒ
拖拉机,拖拉機,tuōlājī
驮,馱,tuó
妥当,妥當,tuǒdang
娃娃,娃娃,wáwa
瓦,瓦,wǎ
歪曲,歪曲,wāiqū
外部,外部,wàibù
外界,外界,wàijiè
外科,外科,wàikē
外头,外頭,wàitou
外衣,外衣,wàiyī
外祖父,外祖父,wàizǔfù
外祖母,外祖母,wàizǔmǔ
弯曲,彎曲,wānqū
丸,丸,wán
完备,完備,wánbèi
完善,完善,wánshàn
玩笑,玩笑,wánxiào
玩意儿,玩意兒,wányìr
顽固,頑固,wángù
顽强,頑強,wánqiáng
挽,挽,wǎn
挽救,挽救,wǎnjiù
晚报,晚報,wǎnbào
万分,萬分,wànfēn
万古长青,萬古長青,wàngǔchángqīng
万岁,萬歲,wànsuì
万万,萬萬,wànwàn
万一,萬一,wànyī
网,網,wǎng
往来,往來,wǎnglái
威胁,威脅,wēixié
微小,微小,wēixiǎo
为难,為難,wéinán
为首,為首,wéishǒu
为止,為止,wéizhǐ
围巾,圍巾,wéijīn
违背,違背,wéibèi
维持,維持,wéichí
维生素,維生素,wéishēngsù
委屈,委屈,wěiqu
委托,委托,wěituō
未必,未必,wèibì
位于,位於,wèiyú
味,味,wèi
慰问,慰問,wèiwèn
温,溫,wēn
温带,溫帶,wēndài
温和,溫和,wēnhé
闻名,聞名,wénmíng
蚊子,蚊子,wénzi
吻,吻,wěn
嗡,嗡,wēng
卧,臥,wò
污,污,wū
诬蔑,誣蔑,wūmiè
无比,無比,wúbǐ
无产阶级,無產階級,wúchǎnjiējí
无法,無法,wúfǎ
无可奈何,無可奈何,wúkěnàihé
无论如何,無論如何,wúlùnrúhé
无情,無情,wúqíng
无所谓,無所謂,wúsuǒwèi
无线电,無線電,wúxiàndiàn
无疑,無疑,wúyí
武装,武裝,wǔzhuāng
侮辱,侮辱,wǔrǔ
舞蹈,舞蹈,wǔdǎo
舞会,舞會,wǔhuì
舞台,舞台,wǔtái
物品,物品,wùpǐn
物体,物體,wùtǐ
物资,物資,wùzī
误,誤,wù
西服,西服,xīfú
西医,西醫,xīyī
吸取,吸取,xīqǔ
稀,稀,xī
锡,錫,xī
袭击,襲擊,xíjī
媳妇,媳婦,xífù
喜爱,喜愛,xǐ'ài
喜悦,喜悅,xǐyuè
戏剧,戲劇,xìjù
细胞,細胞,xìbāo
细致,細緻,xìzhì
虾,蝦,xiā
瞎,瞎,xiā
峡谷,峽谷,xiágǔ
下降,下降,xiàjiàng
下列,下列,xiàliè
下旬,下旬,xiàxún
下游,下游,xiàyóu
夏季,夏季,xiàjì
鲜明,鮮明,xiānmíng
鲜血,鮮血,xiānxuè
鲜艳,鮮豔,xiānyàn
闲话,閒話,xiánhuà
咸,咸,xián
嫌,嫌,xián
显示,顯示,xiǎnshì
险,險,xiǎn
县城,縣城,xiànchéng
现,現,xiàn
现成,現成,xiànchéng
线路,線路,xiànlù
宪法,憲法,xiànfǎ
陷,陷,xiàn
乡村,鄉村,xiāngcūn
相对,相對,xiāngduì
相声,相聲,xiàngsheng
香烟,香煙,xiāngyān
箱,箱,xiāng
响亮,響亮,xiǎngliàng
向导,向導,xiàngdǎo
向来,向來,xiànglái
巷,巷,xiàng
象征,象徵,xiàngzhēng
削,削,xiāo
消除,消除,xiāochú
消毒,消毒,xiāodú
消耗,消耗,xiāohào
消极,消極,xiāojí
小便,小便,xiǎobiàn
小组,小組,xiǎozǔ
笑容,笑容,xiàoróng
协定,協定,xiédìng
协会,協會,xiéhuì
协助,協助,xiézhù
协作,協作,xiézuò
写作,寫作,xiězuò
卸,卸,xiè
心爱,心愛,xīn'ài
心理,心理,xīnlǐ
心事,心事,xīnshi
心思,心思,xīnsi
心意,心意,xīnyì
辛勤,辛勤,xīnqín
欣赏,欣賞,xīnshǎng
新生,新生,xīnshēng
新式,新式,xīnshì
新型,新型,xīnxíng
信号,信號,xìnhào
信念,信念,xìnniàn
信任,信任,xìnrèn
信息,信息,xìnxī
兴高采烈,興高采烈,xìnggāocǎiliè
行,行,háng
行列,行列,hángliè
行人,行人,xíngrén
行驶,行駛,xíngshǐ
行为,行為,xíngwéi
行星,行星,xíngxīng
行业,行業,hángyè
行政,行政,xíngzhèng
形态,形態,xíngtài
幸亏,幸虧,xìngkuī
性别,性別,xìngbié
性能,性能,xìngnéng
凶,凶,xiōng
凶恶,兇惡,xiōng'è
修建,修建,xiūjiàn
修正,修正,xiūzhèng
修筑,修築,xiūzhù
绣,繡,xiù
锈,鏽,xiù
须,須,xū
需,需,xū
叙述,敘述,xùshù
宣告,宣告,xuāngào
宣言,宣言,xuānyán
悬,懸,xuán
悬崖,懸崖,xuányá
旋转,旋轉,xuánzhuǎn
选修,選修,xuǎnxiū
学会,學會,xuéhuì
学科,學科,xuékē
学年,學年,xuénián
学时,學時,xuéshí
学说,學說,xuéshuō
学位,學位,xuéwèi
学者,學者,xuézhě
学制,學制,xuézhì
雪花,雪花,xuěhuā
血管,血管,xuèguǎn
血汗,血汗,xuèhàn
寻,尋,xún
询问,詢問,xúnwèn
循环,循環,xúnhuán
压力,壓力,yālì
压缩,壓縮,yāsuō
压制,壓制,yāzhì
押,押,yā
鸭子,鴨子,yāzi
牙齿,牙齒,yáchǐ
牙膏,牙膏,yágāo
芽,芽,yá
亚军,亞軍,yàjūn
烟,煙,yān
烟囱,煙囪,yāncōng
淹,淹,yān
严,嚴,yán
严禁,嚴禁,yánjìn
严厉,嚴厲,yánlì
严密,嚴密,yánmì
岩石,岩石,yánshí
沿儿,沿兒,yánr
沿海,沿海,yánhǎi
研究生,研究生,yánjiūshēng
研制,研製,yánzhì
掩盖,掩蓋,yǎngài
掩护,掩護,yǎnhù
眼光,眼光,yǎnguāng
眼看,眼看,yǎnkàn
演说,演說,yǎnshuō
厌恶,厭惡,yànwù
燕子,燕子,yànzi
扬,揚,yáng
洋,洋,yáng
养成,養成,yǎngchéng
养料,養料,yǎngliào
氧化,氧化,yǎnghuà
氧气,氧氣,yǎngqì
窑,窯,yáo
谣言,謠言,yáoyán
摇摆,搖擺,yáobǎi
摇晃,搖晃,yáohuang
遥远,遙遠,yáoyuǎn
药方,藥方,yàofāng
药品,藥品,yàopǐn
药水儿,藥水兒,yàoshuǐr
药物,藥物,yàowù
要,要,yào
要不,要不,yàobù
要不然,要不然,yàobùrán
要不是,要不是,yàobushì
要点,要點,yàodiǎn
要好,要好,yàohǎo
冶金,冶金,yějīn
野兽,野獸,yěshòu
夜间,夜間,yèjiān
液体,液體,yètǐ
一带,一帶,yīdài
一口气,一口氣,yīkǒuqì
一连,一連,yīlián
一路平安,一路平安,yīlùpíng'ān
一路顺风,一路順風,yīlùshùnfēng
一面……一面……,一面……一面……,yīmiàn...yīmiàn...
一旁,一旁,yīpáng
一系列,一系列,yīxìliè
一下,一下,yīxià
一向,一向,yīxiàng
一心,一心,yīxīn
一行,一行,yīxíng
一一,一一,yīyī
一再,一再,yīzài
一阵,一陣,yīzhèn
伊斯兰教,伊斯蘭教,Yīsīlánjiào
医疗,醫療,yīliáo
依旧,依舊,yījiù
依据,依據,yījù
依然,依然,yīrán
依照,依照,yīzhào
仪表,儀表,yíbiǎo
仪式,儀式,yíshì
姨,姨,yí
遗产,遺產,yíchǎn
遗憾,遺憾,yíhàn
遗留,遺留,yíliú
疑心,疑心,yíxīn
乙,乙,yǐ
以便,以便,yǐbiàn
以至,以至,yǐzhì
以致,以致,yǐzhì
倚,倚,yǐ
义务,義務,yìwù
议会,議會,yìhuì
抑制,抑制,yìzhì
易,易,yì
意识,意識,yìshi
意味着,意味著,yìwèizhe
毅力,毅力,yìlì
阴谋,陰謀,yīnmóu
阴天,陰天,yīntiān
音,音,yīn
银幕,銀幕,yínmù
引,引,yǐn
引导,引導,yǐndǎo
引进,引進,yǐnjìn
饮料,飲料,yǐnliào
隐约,隱約,yǐnyuē
印染,印染,yìnrǎn
应,應,yìng
应酬,應酬,yìngchou
应付,應付,yīngfù
应邀,應邀,yìngyāo
英镑,英鎊,Yīngbàng
英明,英明,yīngmíng
婴儿,嬰兒,yīng'ér
迎,迎,yíng
影片,影片,yǐngpiàn
硬,硬,yìng
哟,喲,yo
拥挤,擁擠,yōngjǐ
涌,涌,yǒng
踊跃,踴躍,yǒngyuè
用品,用品,yòngpǐn
用途,用途,yòngtú
用心,用心,yòngxīn
优胜,優勝,yōushèng
优势,優勢,yōushì
优越,優越,yōuyuè
犹豫,猶豫,yóuyù
邮包,郵包,yóubāo
油田,油田,yóutián
游,游,yóu
游戏,遊戲,yóuxì
游行,遊行,yóuxíng
友爱,友愛,yǒu'ài
有机,有機,yǒujī
有两下子,有兩下子,yǒuliǎngxiàzi
有限,有限,yǒuxiàn
有一些,有一些,yǒuyīxiē
有益,有益,yǒuyì
有意,有意,yǒuyì
幼儿园,幼兒園,yòu'éryuán
幼稚,幼稚,yòuzhì
余,余,yú
娱乐,娛樂,yúlè
渔民,漁民,yúmín
愚蠢,愚蠢,yúchǔn
与其,與其,yǔqí
宇宙,宇宙,yǔzhòu
语文,語文,yǔwén
浴室,浴室,yùshì
预报,預報,yùbào
预防,預防,yùfáng
预告,預告,yùgào
预先,預先,yùxiān
预祝,預祝,yùzhù
寓言,寓言,yùyán
愈……愈……,愈……愈……,yù...yù...
冤枉,冤枉,yuānwang
元旦,元旦,Yuándàn
元素,元素,yuánsù
园林,園林,yuánlín
原理,原理,yuánlǐ
原始,原始,yuánshǐ
原先,原先,yuánxiān
原子,原子,yuánzǐ
原子弹,原子彈,yuánzǐdàn
圆满,圓滿,yuánmǎn
援助,援助,yuánzhù
缘故,緣故,yuángù
猿人,猿人,yuánrén
远销,遠銷,yuǎnxiāo
苑,苑,yuàn
愿,愿,yuàn
月光,月光,yuèguāng
钥匙,鑰匙,yàoshi
跃进,躍進,yuèjìn
越,越,yuè
运气,運氣,yùnqi
运转,運轉,yùnzhuàn
晕,暈,yūn
杂文,雜文,záwén
杂志,雜誌,zázhì
杂质,雜質,zázhì
砸,砸,zá
灾难,災難,zāinàn
栽,栽,zāi
载,載,zāi
再三,再三,zàisān
再说,再說,zàishuō
在于,在於,zàiyú
在座,在座,zàizuò
赞美,讚美,zànměi
赞扬,讚揚,zànyáng
遭,遭,zāo
遭遇,遭遇,zāoyù
糟,糟,zāo
凿,鑿,záo
早期,早期,zǎoqī
早晚,早晚,zǎowǎn
早已,早已,zǎoyǐ
责备,責備,zébèi
增产,增產,zēngchǎn
增进,增進,zēngjìn
增强,增強,zēngqiáng
赠送,贈送,zèngsòng
渣,渣,zhā
扎实,扎實,zhāshi
炸,炸,zhá
债,債,zhài
沾,沾,zhān
盏,盞,zhǎn
崭新,嶄新,zhǎnxīn
占领,佔領,zhànlǐng
占有,佔有,zhànyǒu
战场,戰場,zhànchǎng
战略,戰略,zhànlüè
战术,戰術,zhànshù
战线,戰線,zhànxiàn
战友,戰友,zhànyǒu
张,張,zhāng
张望,張望,zhāngwàng
掌声,掌聲,zhǎngshēng
帐,帳,zhàng
胀,脹,zhàng
障碍,障礙,zhàng'ài
招,招,zhāo
招手,招手,zhāoshǒu
召集,召集,zhàojí
照例,照例,zhàolì
照相机,照相機,zhàoxiàngjī
照样,照樣,zhàoyàng
照耀,照耀,zhàoyào
罩,罩,zhào
遮,遮,zhē
折合,折合,zhéhé
折磨,折磨,zhémo
者,者,zhě
这会儿,這會兒,zhèhuìr
这样一来,這樣一來,zhèyàngyīlái
针灸,針灸,zhēnjiǔ
珍贵,珍貴,zhēnguì
珍惜,珍惜,zhēnxī
珍珠,珍珠,zhēnzhū
真是,真是,zhēnshi
枕头,枕頭,zhěntou
阵地,陣地,zhèndì
振动,振動,zhèndòng
镇,鎮,zhèn
镇静,鎮靜,zhènjìng
镇压,鎮壓,zhènyā
震,震,zhèn
震动,震動,zhèndòng
争夺,爭奪,zhēngduó
征,征,zhēng
征服,征服,zhēngfú
挣,掙,zhèng
挣扎,掙扎,zhēngzhá
蒸发,蒸發,zhēngfā
蒸汽,蒸汽,zhēngqì
整,整,zhěng
整顿,整頓,zhěngdùn
整风,整風,zhěngfēng
整体,整體,zhěngtǐ
正当,正當,zhèngdāng
正经,正經,zhèngjing
正面,正面,zhèngmiàn
正义,正義,zhèngyì
证件,證件,zhèngjiàn
证据,證據,zhèngjù
证实,證實,zhèngshí
证书,證書,zhèngshū
政党,政黨,zhèngdǎng
政权,政權,zhèngquán
症状,症狀,zhèngzhuàng
之,之,zhī
之类,之類,zhīlèi
之内,之內,zhīnèi
之外,之外,zhīwài
支,支,zhī
支配,支配,zhīpèi
枝,枝,zhī
知,知,zhī
知识分子,知識分子,zhīshifènzǐ
直达,直達,zhídá
直径,直徑,zhíjìng
值,值,zhí
职员,職員,zhíyuán
殖民地,殖民地,zhímíndì
只得,只得,zhǐdé
指标,指標,zhǐbiāo
指点,指點,zhǐdiǎn
指南针,指南針,zhǐnánzhēn
指头,指頭,zhǐtou
指引,指引,zhǐyǐn
至于,至於,zhìyú
志愿,志願,zhìyuàn
制,製,zhì
制止,制止,zhìzhǐ
制作,製作,zhìzuò
治疗,治療,zhìliáo
质,質,zhì
致,致,zhì
智慧,智慧,zhìhuì
中,中,zhōng
中部,中部,zhōngbù
中断,中斷,zhōngduàn
中年,中年,zhōngnián
中旬,中旬,zhōngxún
中医,中醫,Zhōngyī
忠诚,忠誠,zhōngchéng
忠实,忠實,zhōngshí
终身,終身,zhōngshēn
衷心,衷心,zhōngxīn
肿,腫,zhǒng
种类,種類,zhǒnglèi
种植,種植,zhòngzhí
周末,週末,zhōumò
周年,週年,zhōunián
粥,粥,zhōu
皱,皺,zhòu
皱纹,皺紋,zhòuwén
主持,主持,zhǔchí
主力,主力,zhǔlì
主权,主權,zhǔquán
嘱咐,囑咐,zhǔfu
住宅,住宅,zhùzhái
助,助,zhù
助手,助手,zhùshǒu
注射,注射,zhùshè
注视,注視,zhùshì
驻,駐,zhù
柱子,柱子,zhùzi
祝愿,祝願,zhùyuàn
铸,鑄,zhù
专,專,zhuān
专政,專政,zhuānzhèng
砖,磚,zhuān
转播,轉播,zhuǎnbō
转达,轉達,zhuǎndá
转动,轉動,zhuàndòng
转化,轉化,zhuǎnhuà
转入,轉入,zhuǎnrù
转弯,轉彎,zhuǎnwān
转移,轉移,zhuǎnyí
赚,賺,zhuàn
桩,樁,zhuāng
装备,裝備,zhuāngbèi
装饰,裝飾,zhuāngshì
装置,裝置,zhuāngzhì
壮,壯,zhuàng
壮大,壯大,zhuàngdà
壮丽,壯麗,zhuànglì
幢,幢,zhuàng
追求,追求,zhuīqiú
着凉,著涼,zháoliáng
着手,著手,zhuóshǒu
着重,著重,zhuózhòng
姿势,姿勢,zīshì
姿态,姿態,zītài
资本,資本,zīběn
资本家,資本家,zīběnjiā
资本主义,資本主義,zīběnzhǔyì
资产阶级,資產階級,zīchǎnjiējí
资格,資格,zīgé
资金,資金,zījīn
子,子,zǐ
子弹,子彈,zǐdàn
字典,字典,zìdiǎn
字母,字母,zìmǔ
自豪,自豪,zìháo
自来水,自來水,zìláishuǐ
自满,自滿,zìmǎn
自身,自身,zìshēn
自始至终,自始至終,zìshǐzhìzhōng
自私,自私,zìsī
自相矛盾,自相矛盾,zìxiāngmáodùn
自信,自信,zìxìn
自言自语,自言自語,zìyánzìyǔ
自愿,自願,zìyuàn
自治,自治,zìzhì
自治区,自治區,zìzhìqū
自主,自主,zìzhǔ
宗教,宗教,zōngjiào
宗派,宗派,zōngpài
总,總,zǒng
总得,總得,zǒngděi
总而言之,總而言之,zǒng'éryánzhī
总共,總共,zǒnggòng
总算,總算,zǒngsuàn
总之,總之,zǒngzhī
走后门儿,走後門兒,zǒuhòuménr
走廊,走廊,zǒuláng
走弯路,走彎路,zǒuwānlù
租,租,zū
足,足,zú
阻碍,阻礙,zǔ'ài
阻力,阻力,zǔlì
阻止,阻止,zǔzhǐ
组长,組長,zǔzhǎng
组成,組成,zǔchéng
祖父,祖父,zǔfù
祖母,祖母,zǔmǔ
祖先,祖先,zǔxiān
嘴唇,嘴唇,zuǐchún
罪,罪,zuì
罪恶,罪惡,zuì'è
罪行,罪行,zuìxíng
尊重,尊重,zūnzhòng
作风,作風,zuòfēng
作物,作物,zuòwù
作战,作戰,zuòzhàn
座儿,座兒,zuòr
